place_id,Load at t=01/12/2011;19:30,Load at t=01/12/2011;19:45,Load at t=01/12/2011;20:00,Load at t=01/12/2011;20:15,Load at t=01/12/2011;20:30,Load at t=01/12/2011;20:45,Load at t=01/12/2011;21:00,Load at t=01/12/2011;21:15,Load at t=01/12/2011;21:30,Load at t=01/12/2011;21:45,Load at t=01/12/2011;22:00,Load at t=01/12/2011;22:15,Load at t=01/12/2011;22:30,Load at t=01/12/2011;22:45,Load at t=01/12/2011;23:00,Load at t=01/12/2011;23:15,Load at t=01/12/2011;23:30,Load at t=01/12/2011;23:45,Load at t=02/12/2011;00:00,Load at t=02/12/2011;00:15,Load at t=02/12/2011;00:30,Load at t=02/12/2011;00:45,Load at t=02/12/2011;01:00,Load at t=02/12/2011;01:15,Load at t=02/12/2011;01:30,Load at t=02/12/2011;01:45,Load at t=02/12/2011;02:00
001,197,191,198,159,213,125,208,205,195,175,113,136,75,97,34,26,39,34,31,18,8,15,3,2,2,0,0
002,767,474,438,515,572,551,406,423,607,561,253,308,261,306,340,205,201,227,162,186,187,174,192,205,135,226,194
003,661,518,557,361,462,398,207,378,413,460,187,226,100,78,184,137,0,64,0,5,49,50,99,38,29,25,25
004,657,458,507,350,448,343,177,352,347,477,179,219,96,76,171,141,0,64,0,10,55,57,99,43,34,30,28
005,773,583,593,400,525,418,234,370,451,503,220,287,129,118,226,179,17,92,17,37,79,92,132,69,64,53,57
006,751,455,340,377,465,489,302,467,560,424,142,212,141,157,205,100,49,75,24,59,18,9,31,57,0,77,47
007,908,521,510,585,615,608,359,529,765,563,252,317,228,258,302,178,158,177,116,153,120,115,148,155,100,186,161
008,768,505,425,405,487,569,284,449,507,412,157,188,132,162,198,108,62,92,37,69,31,26,46,67,2,105,70
009,650,448,387,417,435,516,240,463,487,418,172,211,161,179,246,134,99,123,71,97,65,59,79,106,51,124,85
010,640,492,485,343,411,368,180,324,392,416,193,213,120,93,184,157,18,82,19,37,70,73,118,58,54,53,52
011,865,562,535,579,553,648,461,566,663,505,305,371,297,331,351,297,229,199,184,225,185,180,200,227,161,268,207
012,780,443,381,472,514,453,241,474,549,436,154,239,134,173,199,115,60,97,45,83,52,36,57,80,15,94,65
013,602,404,376,300,337,315,174,321,384,339,190,289,139,155,230,188,105,161,123,99,104,133,171,107,133,129,105
014,756,471,439,471,535,475,303,434,548,490,238,265,210,223,264,184,149,176,125,165,120,108,135,143,92,174,146
015,697,479,492,558,543,558,392,467,648,479,216,278,183,207,279,185,115,156,100,122,104,86,103,113,68,162,122
016,589,457,433,410,426,393,286,360,450,424,252,295,195,162,235,217,125,162,122,129,165,164,198,157,157,150,137
017,601,469,464,355,433,344,208,354,354,410,184,225,105,96,204,146,17,81,22,35,64,66,125,64,53,51,51
018,835,462,466,438,570,515,324,510,558,438,202,269,200,249,276,165,125,155,87,133,97,92,111,124,66,147,121
019,634,408,361,419,410,416,259,405,611,444,197,237,165,201,241,145,115,124,101,113,94,97,115,124,70,148,119
020,1068,636,628,563,729,657,438,638,838,616,269,330,243,259,329,226,169,203,131,154,139,120,158,168,98,225,175
021,535,408,403,312,382,280,160,289,314,367,141,163,57,47,131,94,0,35,0,0,22,26,71,13,6,0,1
022,537,393,267,395,341,307,358,334,424,509,306,209,259,208,217,243,202,130,118,80,97,73,89,97,115,173,101
023,717,431,406,400,436,429,311,482,611,394,161,205,146,180,201,144,97,105,67,113,75,65,85,98,43,132,96
024,632,419,311,345,265,266,264,304,398,524,247,208,187,156,133,181,136,52,36,0,30,2,6,19,33,97,20
025,623,489,467,378,426,396,279,396,393,417,222,272,198,155,242,215,90,155,91,108,139,145,163,136,112,117,116
026,694,471,496,389,434,407,244,404,465,474,219,295,181,161,224,197,85,161,105,103,151,141,183,132,107,120,109
027,560,373,372,332,410,341,202,303,353,397,217,231,148,124,228,165,77,126,72,82,122,121,155,109,91,93,99
028,573,434,457,337,408,331,224,348,358,451,212,237,147,128,239,165,65,129,68,81,113,118,156,103,86,92,86
029,603,465,475,381,398,346,201,338,347,401,205,237,130,105,200,143,43,100,46,59,79,93,114,89,79,74,59
030,479,319,236,268,199,231,238,238,258,489,208,174,158,131,118,159,94,51,39,10,36,14,18,26,39,83,23
031,715,481,413,441,519,496,304,417,575,480,151,200,126,163,202,91,47,83,22,55,22,10,33,60,0,94,45
032,313,185,266,176,215,136,248,145,252,243,163,232,133,114,109,51,45,62,71,23,2,36,38,27,24,25,18
033,631,481,503,332,440,372,191,336,363,471,176,230,104,79,191,130,0,72,0,11,51,57,99,45,34,30,26
034,806,532,390,514,570,493,340,480,610,507,200,246,174,205,280,134,102,127,74,107,70,65,80,105,41,136,109
035,633,451,505,331,416,328,197,315,401,422,189,231,119,93,189,150,20,83,20,37,71,76,108,59,54,48,51
036,275,227,225,169,200,170,165,169,193,189,104,105,97,82,31,32,38,41,31,17,8,14,3,2,2,0,0
037,558,471,424,344,443,337,203,353,347,400,182,214,125,112,189,156,44,104,45,63,93,95,125,93,81,66,72
038,685,469,392,405,489,569,284,446,611,425,173,214,141,179,219,107,67,124,47,84,48,40,54,84,17,107,76
039,619,466,455,356,448,355,196,314,379,432,183,230,112,97,193,147,18,80,20,37,72,72,118,66,57,47,48
040,542,394,391,282,396,289,166,296,301,353,142,174,67,57,148,106,0,46,0,0,33,36,70,23,17,12,12
041,552,422,282,326,255,271,258,304,373,509,245,217,189,163,141,180,137,47,35,0,32,2,6,18,35,108,19
042,487,396,356,278,330,279,164,253,308,346,144,190,95,84,150,130,21,69,21,34,59,67,82,57,49,46,46
043,857,509,420,514,601,537,339,490,627,496,199,265,173,221,278,143,96,131,61,117,75,56,82,103,35,151,92
044,573,443,450,315,402,365,221,355,369,413,187,225,139,123,180,172,45,90,48,63,97,96,127,81,80,76,79
045,616,375,325,366,412,421,253,387,483,359,124,164,104,140,192,80,43,75,23,51,20,12,32,52,0,72,38
046,654,476,517,357,387,347,198,290,352,431,163,233,103,95,194,142,18,86,19,35,69,73,110,58,55,51,50
047,620,416,374,390,433,476,299,426,518,364,196,213,184,220,224,149,114,150,99,121,100,88,99,133,76,164,115
048,789,478,410,547,601,571,336,507,670,500,184,270,176,212,283,160,114,145,90,127,88,78,106,131,58,168,103
049,434,289,248,278,199,213,202,258,299,418,201,170,125,127,103,136,95,24,13,0,8,0,0,0,14,82,0
050,496,388,357,264,329,288,181,248,307,330,156,184,88,81,152,125,20,70,22,33,64,61,105,55,49,43,44
051,710,506,440,504,552,554,326,441,644,478,208,275,191,210,296,154,120,148,97,121,94,86,108,141,57,151,133
052,529,372,336,255,318,291,181,269,279,384,163,191,91,72,159,125,23,68,21,32,67,67,98,55,45,41,44
053,656,434,404,298,330,325,220,330,289,417,182,265,134,108,194,144,50,101,48,63,82,90,118,88,69,63,78
054,551,349,286,352,280,301,298,289,397,491,241,194,182,148,141,179,134,55,36,0,28,2,6,20,37,98,19
055,466,316,395,254,329,253,172,279,259,351,138,194,109,83,158,125,32,88,35,47,69,74,93,65,63,56,55
056,399,302,363,241,262,225,312,208,285,282,190,281,176,142,144,71,86,97,113,50,21,64,67,49,46,46,44
057,869,560,515,567,632,570,392,517,742,540,222,269,208,263,312,175,120,175,99,138,94,87,95,125,61,171,115
058,457,361,352,252,332,240,169,257,312,309,163,207,121,100,178,135,46,76,46,58,74,84,107,81,62,61,69
059,298,258,230,200,257,187,243,239,258,206,113,131,90,75,2,0,2,4,0,0,0,0,0,0,0,0,0
060,735,531,425,532,560,609,298,482,710,490,200,254,171,186,257,141,101,127,74,118,68,70,75,101,37,133,106
061,640,491,419,329,391,325,183,360,313,407,213,226,133,143,192,179,68,116,67,82,101,146,125,94,99,90,88
062,418,295,310,234,276,212,332,196,289,266,206,273,176,149,137,89,101,107,125,76,50,79,94,73,78,77,69
063,474,318,294,236,299,239,293,191,265,289,162,297,143,137,132,79,75,92,104,48,23,65,70,49,47,47,46
064,374,331,400,241,235,327,240,276,291,177,155,221,273,141,80,22,45,79,34,36,0,24,5,67,29,0,31
065,512,389,462,273,252,365,277,299,326,196,153,272,344,125,44,0,0,40,0,0,0,0,0,25,0,0,0
066,369,274,299,198,250,161,298,148,227,259,159,237,118,101,85,26,33,46,61,0,0,15,14,0,0,0,0
067,507,322,237,282,218,236,222,209,305,401,182,155,139,116,102,129,105,26,14,0,8,0,0,0,13,72,0
068,547,348,286,350,267,267,263,296,364,446,235,203,192,169,152,175,154,70,63,28,58,31,35,49,62,117,50
069,309,263,262,231,256,222,278,242,225,204,172,156,122,158,84,89,71,83,88,70,59,76,52,48,42,33,51
070,220,206,162,174,221,156,176,137,145,147,115,133,90,95,73,61,63,54,60,44,33,45,35,46,34,36,51
071,438,320,225,277,201,231,211,228,303,398,187,166,155,138,127,148,116,49,39,9,36,14,17,25,41,87,27
072,371,312,405,241,225,347,196,263,279,182,161,264,254,146,66,23,46,85,35,33,0,20,5,64,27,0,31
073,528,365,256,318,247,272,250,270,351,425,213,214,186,190,160,194,155,99,92,61,78,68,67,80,88,136,76
074,470,332,282,313,269,251,238,287,341,421,212,214,191,198,154,201,161,94,92,62,79,65,59,81,83,162,67
075,361,392,428,415,475,280,267,369,367,388,182,251,313,285,275,29,102,57,96,52,0,18,20,20,7,42,19
076,615,516,438,456,343,529,500,425,561,446,416,398,344,318,158,137,196,102,92,9,28,71,80,0,13,111,24
077,446,392,323,341,329,328,248,323,284,451,312,306,210,227,106,97,104,153,105,70,14,43,72,25,48,18,0
078,635,519,542,370,495,423,241,399,444,513,221,285,143,136,237,180,40,108,45,56,100,110,157,89,80,81,77
079,1054,742,628,797,830,684,536,742,1036,642,351,435,358,355,454,295,268,326,224,243,226,200,226,259,181,298,238
080,483,412,415,317,327,273,331,271,269,381,216,345,220,200,202,142,150,151,172,89,82,128,92,95,96,107,108
081,479,358,235,302,221,220,238,184,330,377,172,161,131,99,107,143,92,24,12,0,8,0,0,0,13,62,0
082,856,593,598,609,483,689,804,502,604,646,576,567,435,442,283,285,371,271,225,152,155,224,204,133,163,259,171
083,444,331,328,241,250,191,306,202,310,236,246,291,144,124,159,74,78,97,111,49,21,67,60,51,48,52,43
084,410,303,257,265,299,296,254,304,240,384,297,232,162,143,36,40,27,86,48,0,0,0,0,0,0,0,0
085,170,165,107,121,152,102,113,111,98,107,80,95,51,38,24,15,14,6,11,1,0,0,0,0,0,0,0
086,517,400,356,351,341,469,458,340,375,419,372,409,326,263,177,165,233,158,137,92,95,149,158,74,98,183,99
087,229,238,184,152,186,161,181,141,169,154,119,134,93,96,69,72,65,55,50,42,27,41,43,42,30,37,46
088,242,198,165,146,204,146,116,174,142,156,108,159,103,91,71,64,65,55,63,52,31,38,35,30,27,31,40
089,394,382,259,298,294,302,224,277,262,342,276,205,184,145,57,59,43,111,61,18,0,0,16,0,0,0,0
090,438,358,393,258,268,343,258,288,340,240,203,263,321,205,128,86,95,143,81,77,30,64,56,128,81,44,80
091,428,294,205,288,207,216,223,191,331,343,204,178,152,133,109,158,107,47,42,9,36,14,16,28,43,80,26
092,323,234,320,201,212,266,181,230,226,154,147,222,258,135,84,56,73,98,69,64,19,59,43,98,57,34,55
093,419,355,355,341,314,387,303,341,270,346,305,269,271,229,139,121,121,158,117,92,34,68,90,46,55,43,8
094,310,310,228,239,260,238,256,234,233,314,241,186,158,155,66,68,69,100,76,50,1,24,44,8,28,3,0
095,221,190,166,165,164,151,142,163,147,136,130,142,96,80,71,66,70,53,63,54,33,48,39,38,30,34,47
096,324,275,226,188,296,221,243,226,249,203,122,146,98,85,2,0,2,5,0,0,0,0,0,0,0,0,0
097,182,265,174,188,215,156,122,240,190,200,160,124,45,56,47,44,14,8,4,0,0,0,23,0,0,0,0
098,912,670,599,641,556,783,759,576,717,574,628,590,494,490,328,314,388,291,238,167,181,211,237,129,165,269,182
099,308,273,230,256,223,285,217,245,186,347,239,196,152,121,80,74,68,106,78,39,1,27,48,8,27,3,0
100,533,437,386,434,357,479,513,411,494,446,356,363,352,272,145,153,237,166,116,49,61,114,101,23,43,144,59
101,816,543,498,512,573,596,337,539,738,530,163,229,165,200,219,131,71,111,39,81,38,36,57,86,9,122,83
102,137,184,162,138,161,145,105,197,156,168,125,112,64,77,68,64,52,46,42,22,40,30,49,22,27,15,12
103,561,510,446,455,466,539,520,407,529,480,479,416,403,329,236,200,268,168,187,116,113,150,176,59,95,194,120
104,172,149,125,99,142,96,93,107,87,124,79,87,49,40,20,16,13,7,11,1,0,0,0,0,0,0,0
105,253,202,218,157,241,183,207,181,203,144,112,118,102,93,35,27,34,35,28,17,7,14,3,2,2,0,0
106,308,255,271,180,301,225,218,202,222,210,124,162,159,146,96,77,81,102,96,65,64,63,56,45,46,34,55
107,234,244,200,212,273,219,224,217,223,180,164,185,171,140,104,107,90,103,108,95,67,84,75,83,81,67,84
108,310,367,385,339,417,316,282,383,351,415,212,230,348,301,273,93,152,125,178,125,62,96,79,95,85,120,96
109,123,105,89,90,95,73,90,80,74,85,64,61,61,38,44,43,23,25,17,14,9,13,16,20,12,10,9
110,437,389,436,285,233,307,248,278,266,147,167,219,310,142,67,0,19,68,4,4,0,0,0,45,0,0,4
111,409,314,400,259,232,329,228,282,282,194,155,204,290,129,75,23,50,88,37,32,0,25,5,64,27,0,31
112,286,332,247,293,311,259,217,250,216,327,269,221,156,141,65,68,59,123,65,34,0,12,33,0,12,0,0
113,312,298,243,233,230,237,243,260,229,216,143,166,145,163,85,75,74,95,89,66,57,65,51,57,54,33,46
114,648,435,355,440,362,504,533,355,459,449,418,337,375,269,165,156,205,145,92,47,65,116,107,23,49,141,68
115,727,526,540,567,445,618,667,482,546,537,457,475,454,309,189,172,271,152,112,16,38,97,112,0,24,149,31
116,693,436,379,398,510,503,316,465,537,405,182,214,156,182,264,144,99,110,80,102,71,60,79,105,42,113,89
117,299,351,368,372,403,267,223,367,341,326,190,219,282,275,241,51,114,81,102,68,17,49,49,45,35,53,44
118,154,151,130,141,200,117,126,125,136,136,121,124,108,93,77,69,79,68,68,66,50,62,63,58,64,54,59
119,154,121,104,109,117,86,111,125,82,90,71,67,84,33,43,44,12,13,2,0,0,0,1,1,0,0,0
120,121,83,88,87,99,81,88,94,71,74,55,56,59,33,45,45,24,25,20,16,7,13,18,20,10,9,9
121,603,443,387,354,385,436,500,392,424,423,403,331,352,287,202,192,251,172,133,85,92,147,155,73,85,182,86
122,563,440,376,417,396,563,472,357,422,470,418,347,338,280,159,191,214,147,119,49,59,100,109,21,50,148,64
123,221,214,147,179,205,134,164,137,137,153,144,115,114,90,68,68,56,55,62,52,29,41,33,40,34,35,48
124,449,344,475,286,286,343,291,307,343,232,221,271,311,187,131,77,89,128,91,83,28,80,55,117,86,48,88
125,493,328,338,215,261,210,298,188,229,252,160,268,159,119,169,83,78,96,105,46,24,48,77,54,46,53,47
126,897,542,452,500,565,506,318,514,647,473,182,246,174,192,214,121,81,114,45,91,41,36,60,67,9,130,71
127,478,414,285,372,266,243,289,285,395,486,223,239,194,161,148,164,120,53,37,0,31,2,6,20,38,97,20
128,385,360,339,250,344,300,303,302,266,317,282,264,244,199,118,115,128,144,133,91,51,74,95,57,81,53,28
129,252,234,187,183,220,155,192,186,202,159,120,117,91,88,33,25,38,36,30,18,7,15,3,1,2,0,0
130,241,166,135,106,170,111,124,113,112,112,77,115,45,38,12,4,3,0,0,0,0,0,0,0,0,0,0
131,121,188,138,159,171,137,117,183,161,171,149,112,57,75,72,63,45,43,44,20,36,29,46,28,28,13,15
132,923,532,555,576,606,585,388,541,725,526,243,305,184,221,306,184,119,165,98,131,92,74,111,144,60,165,138
133,69,95,75,51,61,70,63,58,57,66,48,48,61,41,41,36,58,36,34,36,32,29,33,32,29,34,36
134,249,257,180,186,236,156,191,184,179,170,144,159,100,80,62,51,60,47,40,40,7,23,28,14,10,11,22
135,541,426,421,323,400,320,209,319,345,406,177,236,139,108,176,180,50,98,47,58,92,96,129,84,79,73,69
136,163,135,131,124,110,87,111,99,86,96,60,66,70,38,48,40,9,12,2,0,0,0,1,1,0,0,0
137,638,487,430,446,472,499,339,464,546,432,265,267,239,283,272,207,181,199,152,171,147,145,160,183,130,195,164
138,301,257,257,232,260,249,260,215,281,207,141,193,130,131,99,83,99,65,85,69,64,59,49,45,51,40,49
139,461,317,218,286,197,219,212,251,309,396,185,170,148,124,92,125,100,22,13,0,7,0,0,0,13,67,0
140,153,185,185,147,195,139,125,207,184,187,142,119,57,66,65,62,29,28,23,0,18,7,43,0,0,0,0
141,515,453,498,329,349,317,197,320,358,428,192,244,118,123,185,172,42,113,41,62,90,93,116,85,80,73,81
142,601,501,534,385,486,430,221,397,441,433,241,315,180,161,286,207,84,146,97,109,151,149,212,142,108,129,126
143,508,355,235,282,212,197,215,236,302,392,180,144,153,106,104,134,92,23,15,0,8,0,0,0,13,68,0
144,589,467,463,320,381,323,205,319,344,416,195,220,128,121,186,155,47,108,40,60,90,109,133,86,76,72,76
145,556,426,456,296,407,346,206,329,359,395,215,232,127,121,210,165,41,107,41,58,99,98,143,87,79,78,78
146,26,29,15,16,20,15,14,24,17,17,11,17,19,21,12,11,11,16,11,15,11,11,11,11,11,11,13
147,651,435,353,432,474,431,280,408,501,421,182,226,186,199,231,163,115,148,91,113,81,82,92,135,72,155,121
148,473,430,463,257,290,397,295,343,324,246,199,281,337,183,108,39,68,104,55,60,0,37,22,108,54,5,57
149,564,452,495,326,408,305,181,291,334,383,200,245,122,117,199,179,42,97,44,59,104,95,132,78,75,72,68
150,660,410,341,384,415,446,283,397,549,387,179,258,160,185,246,138,119,149,89,124,102,101,114,120,73,156,112
151,313,334,240,249,219,219,251,271,230,249,174,187,147,144,63,60,73,74,57,47,30,43,29,27,25,8,28
152,682,401,413,495,508,551,332,461,589,413,239,251,216,218,299,186,138,166,116,137,125,114,141,155,96,178,162
153,592,413,428,338,424,307,220,308,352,426,188,233,124,115,183,153,45,110,47,62,101,94,149,78,74,67,73
154,515,371,391,260,321,271,152,263,281,364,145,181,89,75,136,115,22,78,20,37,67,67,88,57,49,46,47
155,719,450,343,479,491,495,284,415,596,414,165,218,118,147,215,91,49,89,20,54,20,10,34,61,0,86,50
156,413,385,349,281,334,264,185,280,270,368,174,156,117,100,142,132,45,100,42,54,71,84,104,84,70,70,60
157,362,236,262,194,241,163,283,160,227,223,130,224,115,99,108,44,52,57,71,24,2,34,40,25,23,24,19
158,507,381,546,308,299,482,303,397,374,233,227,325,329,193,113,38,77,115,57,60,0,35,21,107,47,5,55
159,377,276,317,209,258,234,346,195,243,269,201,303,166,153,154,89,108,106,122,73,50,84,84,76,75,68,67
160,427,290,221,261,217,231,205,198,266,380,187,184,151,156,124,171,120,77,69,42,65,45,46,59,66,108,58
161,494,340,285,335,281,275,272,283,316,414,225,224,198,168,156,193,159,101,85,57,83,61,70,76,92,139,75
162,440,293,243,259,221,236,226,253,294,447,181,164,143,124,109,153,104,38,27,0,23,0,2,13,28,79,13
163,191,145,99,108,128,97,117,117,81,103,67,64,60,32,47,37,11,13,2,0,0,0,1,1,0,0,0
164,218,209,190,155,198,175,152,170,130,161,141,132,95,88,70,60,56,43,64,47,36,44,39,41,34,29,44
165,178,155,144,136,198,114,141,126,123,116,95,101,49,56,26,22,17,9,12,2,0,0,0,0,0,0,0
166,150,133,117,183,172,135,156,142,126,162,108,122,87,89,82,88,81,68,80,74,48,61,61,50,54,68,64
167,415,238,327,187,190,122,260,161,202,215,137,242,117,91,83,28,27,40,56,0,0,17,12,0,0,0,0
168,258,233,197,172,228,148,183,169,172,156,106,126,77,83,41,27,34,39,31,18,8,13,3,2,2,0,0
169,394,406,438,501,556,319,326,416,468,436,235,249,345,298,347,75,139,102,145,107,35,65,72,76,63,93,65
170,430,349,285,176,343,289,288,205,292,356,320,247,199,144,59,55,56,91,52,16,0,0,17,0,0,0,0
171,172,134,111,117,145,98,108,100,91,95,70,93,37,41,26,15,14,8,11,2,0,0,0,0,0,0,0
172,638,489,470,460,428,560,630,477,615,498,478,412,419,312,231,188,294,178,123,62,82,126,115,29,68,189,78
173,157,132,94,120,119,96,109,124,75,117,74,63,73,34,47,40,12,12,2,0,0,0,1,1,0,0,0
174,271,215,190,163,223,145,181,184,128,163,132,135,108,96,67,56,50,40,49,34,7,24,28,13,10,13,26
175,394,419,305,332,324,336,295,310,251,437,331,265,190,208,96,114,107,142,109,64,13,48,67,21,44,17,0
176,154,180,170,161,182,125,124,184,163,201,137,121,61,61,63,62,31,28,23,0,19,8,42,0,0,0,0
177,550,438,397,441,362,545,448,395,490,421,356,384,296,262,204,167,213,146,108,48,68,104,109,23,47,136,67
178,141,94,92,102,99,79,93,98,73,93,67,58,64,47,44,38,24,23,20,13,7,14,16,21,8,9,10
179,246,229,189,158,217,146,187,187,185,160,121,122,104,103,35,29,35,36,31,16,8,16,3,1,2,0,0
180,148,221,183,184,176,145,112,213,187,194,146,119,51,78,60,54,29,30,24,0,19,8,39,0,0,0,0
181,154,209,167,162,188,143,108,222,175,199,122,129,56,74,56,59,29,28,25,0,19,8,35,0,0,0,0
182,113,108,73,109,110,79,102,92,71,93,52,66,67,45,53,34,27,23,17,18,7,11,14,14,9,9,8
183,744,586,510,463,435,540,609,523,630,561,495,415,430,348,204,184,278,181,139,60,82,133,131,25,58,165,72
184,211,235,221,160,259,167,128,173,227,155,130,136,117,98,41,48,63,47,42,30,25,31,20,16,16,8,22
185,193,291,194,240,212,147,106,287,224,238,166,131,33,50,43,37,0,0,0,0,0,0,8,0,0,0,0
186,418,355,339,321,335,350,275,334,259,397,295,247,205,220,107,97,92,155,119,66,15,45,64,25,44,17,0
187,259,251,227,169,247,206,211,209,210,237,184,184,156,144,98,95,101,105,92,70,72,87,78,73,72,72,81
188,467,457,392,384,386,350,309,371,365,458,396,296,286,274,159,141,161,192,165,120,64,96,116,69,95,69,35
189,125,84,99,107,101,74,89,91,66,80,66,60,65,37,39,36,25,24,15,18,6,12,19,18,10,10,8
190,110,100,85,96,106,85,86,95,72,88,65,56,60,35,47,36,26,27,19,14,7,13,17,19,10,8,9
191,455,448,305,331,361,372,298,344,316,455,376,271,222,221,83,86,67,124,87,45,0,18,41,0,16,0,0
192,337,318,263,257,291,195,255,278,287,202,159,192,147,145,61,54,67,60,70,38,34,45,26,29,28,8,27
193,260,252,165,163,248,165,180,141,156,162,105,136,104,98,65,51,55,49,45,41,7,23,25,14,10,12,27
194,675,590,416,442,411,669,538,434,600,528,566,452,441,355,226,206,240,161,131,45,66,125,152,27,62,160,85
195,341,390,347,310,314,288,254,313,301,396,309,304,241,176,135,122,120,150,126,84,51,83,105,53,72,56,25
196,107,106,89,88,118,80,104,87,65,74,52,52,68,35,52,38,23,21,21,16,7,12,14,15,11,10,10
197,618,448,363,421,385,498,557,423,433,384,401,375,309,280,165,143,208,166,125,49,74,85,111,22,55,119,55
198,507,426,517,301,289,421,292,333,318,258,209,310,350,190,109,37,72,128,55,49,0,41,21,94,47,6,52
199,158,135,103,135,126,100,100,107,71,106,60,62,73,29,35,39,13,11,2,0,0,0,1,1,0,0,0
200,258,243,230,222,243,196,227,232,229,190,148,179,133,153,97,97,104,92,90,85,72,91,72,75,68,75,73
201,248,265,224,197,295,185,216,181,201,215,161,194,146,119,104,95,100,92,93,77,75,85,83,85,71,64,72
202,244,252,175,175,220,168,177,185,143,182,128,146,104,83,76,54,54,43,39,37,7,21,24,16,10,11,27
203,50,61,51,20,37,25,15,13,25,15,2,13,12,0,0,0,0,0,0,0,0,0,0,0,0,0,0
204,363,403,433,383,447,272,261,358,362,349,184,222,333,279,266,32,92,55,84,46,0,18,21,18,7,38,21
205,161,167,134,140,185,116,128,140,122,126,132,126,91,94,90,80,75,77,87,69,49,67,58,55,60,54,68
206,151,128,124,127,135,97,125,113,85,90,71,73,68,39,42,41,10,13,2,0,0,0,1,1,0,0,0
207,231,251,222,175,261,181,218,232,229,197,140,166,135,146,86,97,106,110,88,94,75,80,79,73,70,61,78
208,149,211,153,157,175,129,99,201,138,177,119,120,78,72,73,70,46,44,45,22,37,27,56,24,25,13,15
209,707,559,532,456,437,639,637,492,565,544,537,495,435,350,218,163,266,184,114,47,58,120,111,6,47,170,56
210,420,376,324,331,319,367,309,339,279,408,349,277,243,203,115,102,89,157,105,76,13,45,61,23,47,16,0
211,541,479,447,477,389,572,633,337,514,413,484,361,336,258,208,171,201,153,116,46,59,90,117,22,48,158,71
212,166,144,136,136,149,123,142,151,136,122,114,109,84,98,86,84,70,69,69,67,57,64,56,53,54,60,65
213,231,258,202,168,206,166,173,193,197,147,110,132,93,98,34,28,28,33,28,15,8,13,3,2,2,0,0
214,274,223,174,170,212,154,176,173,234,166,110,122,104,96,40,30,31,35,33,17,7,16,3,2,2,0,0
215,88,78,65,75,77,69,71,69,62,70,56,52,54,48,56,35,36,42,29,31,26,32,30,39,30,30,29
216,119,93,90,98,88,74,92,99,63,82,53,58,49,38,38,42,22,20,14,16,7,12,20,18,10,8,9
217,313,323,248,249,275,266,206,275,214,320,216,224,181,144,74,72,71,119,67,46,1,28,46,7,28,4,0
218,290,287,192,195,255,206,227,202,226,183,95,148,102,94,20,8,16,20,13,0,0,0,0,0,0,0,0
219,289,278,205,190,251,190,222,199,232,174,99,133,79,81,18,10,18,21,13,0,0,0,0,0,0,0,0
220,227,172,166,157,178,155,164,150,142,155,103,147,92,92,73,57,65,60,61,48,32,36,49,32,29,31,43
221,423,393,337,275,294,363,271,267,249,354,288,243,184,167,36,34,29,77,40,0,0,0,0,0,0,0,0
222,225,168,159,180,173,129,157,135,133,163,116,134,104,78,79,64,60,63,57,57,30,42,50,31,37,29,42
223,318,284,280,249,272,227,241,260,238,307,291,209,219,218,151,109,132,155,155,110,86,110,104,78,124,77,69
224,125,96,78,86,96,86,84,90,75,83,70,57,67,44,53,35,24,23,20,16,8,13,17,18,10,11,9
225,138,188,140,156,172,127,112,170,162,171,144,128,73,70,73,68,49,45,46,22,38,33,61,24,22,12,13
226,267,224,198,201,248,200,211,182,233,205,140,183,157,151,85,102,103,93,93,81,83,94,73,81,81,69,69
227,181,156,113,93,160,94,123,93,102,104,76,99,42,42,24,16,16,8,11,1,0,0,0,0,0,0,0
228,206,186,147,125,178,103,108,115,109,136,78,108,54,41,13,4,3,0,0,0,0,0,0,0,0,0,0
229,359,359,301,314,328,297,273,343,280,298,305,244,211,222,121,110,116,179,135,98,48,71,93,50,80,55,27
230,423,382,347,295,357,333,309,294,301,415,308,290,241,210,109,109,94,158,110,73,13,47,69,23,51,17,0
231,186,193,155,176,191,127,175,126,125,148,132,133,98,85,79,68,53,75,63,49,31,39,44,35,30,31,47
232,88,79,64,59,76,56,64,52,72,58,44,45,62,45,41,33,39,37,33,34,33,31,31,36,32,30,40
233,220,246,223,209,230,187,156,273,240,223,191,151,92,118,114,116,77,71,78,46,61,51,94,51,52,33,34
234,241,230,210,159,220,157,185,192,214,163,113,120,89,92,36,28,34,40,33,21,7,15,3,2,2,0,0
235,230,186,172,160,186,132,155,159,159,140,114,132,84,87,79,62,69,59,63,53,29,36,46,39,30,33,47
236,273,257,224,204,256,177,241,222,202,181,152,188,138,162,97,104,106,98,102,89,89,78,74,66,71,74,78
237,132,134,135,117,115,127,99,136,133,104,98,109,122,86,97,105,94,83,69,93,73,76,83,68,80,88,77
238,204,271,230,188,280,233,264,249,228,214,140,184,139,156,84,82,80,80,80,72,55,65,51,45,56,37,53
239,71,85,74,60,87,60,63,60,69,56,48,59,68,49,54,41,41,41,29,34,24,24,35,32,28,24,38
240,61,77,78,57,58,57,54,57,56,56,54,58,57,43,42,38,39,42,35,35,32,33,27,29,21,27,30
241,143,115,87,80,91,85,90,89,73,77,53,58,60,38,48,43,24,23,18,21,8,11,15,17,9,8,9
242,164,113,113,120,129,105,101,119,73,87,62,59,72,32,50,39,12,12,2,0,0,0,1,1,0,0,0
243,300,282,250,235,277,184,238,250,255,208,174,165,142,139,89,77,82,83,73,61,55,63,53,51,54,37,48
244,255,220,187,185,252,165,154,180,201,160,101,118,94,106,32,25,33,31,31,17,7,14,3,2,2,0,0
245,217,204,156,146,174,143,173,170,141,144,119,119,110,90,73,68,65,52,65,51,30,38,43,37,35,30,53
246,251,185,160,167,214,138,159,148,119,164,124,155,110,92,66,56,60,52,57,51,26,38,43,36,32,36,44
247,107,102,106,99,98,78,98,80,63,86,65,58,58,36,45,40,30,24,18,18,6,13,16,18,11,9,9
248,290,289,224,219,273,199,257,253,262,246,154,214,135,133,92,75,89,86,76,77,62,63,55,52,42,36,44
249,268,239,168,181,267,174,200,146,172,162,122,177,85,99,71,49,58,44,43,33,8,20,24,12,9,11,22
250,226,233,233,184,224,170,178,168,218,141,114,134,79,80,30,29,40,38,30,15,7,14,3,2,2,0,0
251,348,478,400,326,392,308,323,356,262,480,325,294,296,250,168,173,187,215,181,169,92,122,160,96,106,111,75
252,120,93,103,81,117,81,88,100,78,97,61,55,64,39,41,34,27,26,20,18,7,12,18,17,11,9,9
253,205,208,175,157,200,163,165,160,181,131,98,127,94,91,54,40,54,57,47,37,33,38,29,28,24,13,23
254,111,86,93,96,107,93,86,91,65,70,62,63,55,41,46,35,26,25,18,17,9,14,17,17,10,9,7
255,321,286,304,228,261,214,249,216,245,232,180,187,119,112,73,84,81,88,76,57,56,76,57,49,48,32,43
256,23,31,21,9,19,12,7,8,14,7,1,7,6,0,0,0,0,0,0,0,0,0,0,0,0,0,0
257,125,109,74,90,98,85,72,99,72,96,61,61,64,40,44,39,31,21,17,16,8,13,19,16,11,7,9
258,251,249,238,218,281,218,202,205,230,194,154,180,126,153,86,93,81,84,79,71,65,71,48,48,49,37,56
259,169,158,92,127,139,101,120,89,97,93,80,100,46,42,25,13,16,6,11,2,0,0,0,0,0,0,0
260,249,239,222,163,222,155,186,209,204,171,111,133,92,95,50,46,46,60,45,36,27,38,21,16,18,8,19
261,70,85,86,63,51,69,59,62,64,62,50,59,46,46,52,41,33,38,38,35,31,32,29,35,28,33,36
262,123,100,98,95,122,82,87,85,70,77,50,58,48,35,43,38,25,22,17,16,7,15,17,16,11,8,8
263,231,231,159,128,193,139,130,161,161,115,146,136,110,92,74,66,63,54,63,58,30,40,44,32,34,43,38
264,248,187,144,175,178,162,159,149,135,147,118,129,98,95,70,65,70,58,62,55,30,47,39,39,35,34,45
265,208,201,177,149,194,140,138,147,126,152,104,133,92,94,89,74,75,67,71,57,44,51,59,44,37,48,54
266,70,73,83,59,66,63,63,66,64,58,51,68,55,40,51,35,29,35,31,31,33,36,31,34,31,32,35
267,163,176,129,115,141,117,112,127,106,170,101,135,93,101,86,82,71,68,76,68,61,62,72,50,52,63,59
268,171,147,133,149,167,142,124,127,112,119,111,141,96,80,87,82,85,65,58,56,55,62,61,60,53,60,69
269,53,71,51,30,41,40,25,24,36,22,13,26,27,0,4,0,0,0,0,0,0,0,0,0,0,0,0
270,179,197,186,155,171,158,117,227,168,199,150,115,56,81,53,67,27,25,24,0,17,7,36,0,0,0,0
271,24,25,11,13,16,12,11,22,13,15,9,13,19,20,10,9,9,13,9,13,9,9,9,9,9,9,10
272,250,244,218,168,233,163,176,157,168,177,139,151,98,94,64,56,52,48,48,40,8,21,26,12,9,10,27
273,136,144,158,148,154,115,101,172,178,147,118,118,59,82,70,72,49,45,40,21,37,29,57,24,25,16,13
274,124,91,86,93,89,85,77,89,69,81,56,63,68,32,52,41,22,26,18,12,7,14,17,16,10,10,10
275,21,18,26,9,15,9,7,7,12,7,1,6,7,0,0,0,0,0,0,0,0,0,0,0,0,0,0
276,130,83,105,81,109,77,90,92,65,81,70,62,61,42,51,42,24,24,15,20,7,13,17,16,10,10,10
277,175,222,176,177,200,149,120,260,168,208,154,128,51,64,62,64,34,24,22,0,19,8,41,0,0,0,0
278,17,27,22,10,16,14,8,7,13,7,1,7,8,0,0,0,0,0,0,0,0,0,0,0,0,0,0
279,214,187,175,161,194,179,147,156,153,165,126,134,84,96,64,56,68,57,70,55,34,43,46,33,30,31,44
280,59,62,54,30,43,45,23,29,39,26,13,25,28,0,4,0,0,0,0,0,0,0,0,0,0,0,0
281,25,30,21,10,18,14,7,7,12,7,1,7,6,0,0,0,0,0,0,0,0,0,0,0,0,0,0
282,39,50,47,19,24,23,15,15,23,14,2,15,12,0,0,0,0,0,0,0,0,0,0,0,0,0,0
283,113,92,91,85,106,84,80,94,64,84,57,57,69,42,41,39,25,27,17,17,8,13,18,17,12,10,9
284,102,103,89,79,88,79,87,93,71,84,52,61,67,43,53,39,21,28,18,18,7,12,18,17,11,9,9
285,81,66,61,62,67,66,54,63,64,58,52,69,55,46,44,37,33,39,38,40,33,28,33,34,30,25,30
286,19,27,20,9,16,14,6,8,11,6,1,6,7,0,0,0,0,0,0,0,0,0,0,0,0,0,0
287,46,47,51,17,39,25,15,15,23,13,2,15,13,0,0,0,0,0,0,0,0,0,0,0,0,0,0
288,119,104,97,95,92,98,98,90,71,88,65,62,70,34,47,44,25,28,20,15,7,15,19,18,11,8,9
289,113,99,85,86,104,84,95,92,70,82,58,60,63,37,52,36,27,28,18,19,8,14,16,16,10,9,9
290,112,94,74,98,111,71,94,94,75,79,72,57,69,40,46,47,24,21,19,14,8,12,17,20,10,9,9
291,81,72,79,50,60,67,50,54,58,62,47,67,56,38,44,42,38,40,35,40,34,30,31,29,27,29,39
292,103,93,75,90,106,80,85,93,71,88,63,60,59,40,43,38,24,25,20,16,8,13,19,19,10,10,9
293,132,104,88,101,84,85,74,93,63,75,52,52,60,40,52,43,26,26,19,19,7,13,21,17,9,7,8
294,171,161,110,132,145,95,104,102,108,112,85,85,49,40,23,16,14,6,12,1,0,0,0,0,0,0,0
295,166,140,124,128,137,141,143,136,148,131,136,124,96,105,91,68,85,63,89,71,48,58,56,65,58,55,64
296,127,94,85,85,101,100,88,84,70,78,57,63,63,42,38,37,25,26,18,17,7,12,17,16,11,8,9
297,50,64,41,20,31,21,15,15,22,12,2,13,13,0,0,0,0,0,0,0,0,0,0,0,0,0,0
298,41,48,53,25,32,29,16,16,21,13,2,15,14,0,0,0,0,0,0,0,0,0,0,0,0,0,0
299,78,81,72,60,78,62,74,65,59,69,59,64,55,47,39,45,38,39,36,31,29,27,30,36,33,34,26
300,158,147,162,147,188,148,147,127,124,136,122,132,103,95,80,82,86,76,70,74,65,58,60,65,52,44,63
301,113,79,65,62,79,46,48,71,29,54,15,14,16,0,0,0,0,0,0,0,0,0,0,0,0,0,0
302,203,204,168,165,211,140,168,141,135,148,108,136,96,83,83,63,67,63,67,52,32,46,38,32,35,33,44
303,183,97,98,109,115,95,117,119,83,114,49,65,52,29,43,42,14,11,2,0,0,0,1,1,0,0,0
304,69,80,70,60,67,73,58,56,61,53,52,60,55,47,36,34,39,47,33,33,34,30,30,36,27,28,39
305,142,98,96,100,112,73,81,106,62,90,54,64,66,49,50,42,23,26,17,17,7,12,15,18,10,9,9
306,127,94,95,93,112,83,75,70,65,83,52,59,69,44,43,39,27,21,17,15,8,12,19,17,11,10,10
307,131,90,62,89,116,80,96,98,77,84,61,59,54,34,50,48,24,21,18,16,5,12,16,18,10,10,8
308,174,94,93,117,119,107,125,116,94,94,73,53,62,35,52,39,9,13,2,0,0,0,1,1,0,0,0
309,69,71,82,53,75,60,60,55,62,60,46,59,45,43,45,40,41,46,41,38,36,33,30,32,29,31,33
310,115,99,83,93,95,76,88,108,67,89,68,58,57,39,48,41,24,23,16,18,7,14,18,17,12,8,9
311,124,81,101,97,96,80,76,79,69,73,62,53,62,39,49,42,26,24,17,16,7,16,17,19,13,9,8
312,162,165,132,136,160,142,129,131,132,139,123,106,95,97,83,75,70,66,79,67,51,60,60,57,50,53,68
313,110,89,94,94,96,108,87,99,75,90,52,52,64,37,29,44,21,24,20,15,8,10,18,14,10,11,10
314,142,103,74,80,97,73,77,113,71,91,71,56,58,42,48,39,28,25,18,18,9,14,15,16,10,8,8
315,39,56,42,19,33,25,14,15,22,13,2,12,11,0,0,0,0,0,0,0,0,0,0,0,0,0,0
316,120,85,78,84,95,70,87,98,67,84,63,59,64,42,46,42,23,28,17,18,8,13,16,15,11,8,11
317,139,131,111,132,119,79,98,101,90,98,68,61,69,33,42,35,11,10,2,0,0,0,1,1,0,0,0
318,47,51,46,18,34,23,14,15,26,12,2,14,13,0,0,0,0,0,0,0,0,0,0,0,0,0,0
319,29,26,0,0,6,0,0,30,0,0,0,0,10,15,0,0,0,0,0,0,0,0,0,0,0,0,0
320,25,29,0,0,5,0,0,30,0,0,0,0,11,15,0,0,0,0,0,0,0,0,0,0,0,0,0
321,20,28,24,10,19,14,7,7,10,5,1,7,6,0,0,0,0,0,0,0,0,0,0,0,0,0,0
322,19,29,24,11,17,14,7,7,11,7,1,10,6,0,0,0,0,0,0,0,0,0,0,0,0,0,0
323,19,30,22,10,16,12,8,7,13,6,1,8,6,0,0,0,0,0,0,0,0,0,0,0,0,0,0
324,62,83,75,57,76,66,61,59,63,58,56,52,51,46,35,39,34,41,36,34,32,29,31,28,28,25,35
325,46,63,42,18,35,22,13,13,26,14,2,15,9,0,0,0,0,0,0,0,0,0,0,0,0,0,0
326,67,75,69,62,60,66,58,65,68,52,46,58,59,37,42,38,44,42,37,35,32,33,32,30,30,28,38
327,32,34,0,0,5,0,0,31,0,0,0,0,9,14,0,0,0,0,0,0,0,0,0,0,0,0,0
328,131,105,82,79,115,79,97,90,62,90,55,58,63,39,47,37,28,26,20,17,8,12,16,17,12,9,9
329,178,142,116,115,169,108,111,119,84,120,78,94,50,41,26,13,14,7,11,2,0,0,0,0,0,0,0
330,21,28,24,11,16,14,7,7,12,6,1,7,6,0,0,0,0,0,0,0,0,0,0,0,0,0,0
331,116,92,93,95,112,81,100,108,74,77,64,59,62,41,43,42,27,26,17,16,8,13,15,16,11,9,8
332,28,31,23,11,16,13,8,7,12,7,1,6,5,0,0,0,0,0,0,0,0,0,0,0,0,0,0
333,128,106,84,84,78,86,85,89,65,78,65,55,51,37,41,41,24,25,15,13,7,15,18,17,12,11,10
334,23,27,22,11,14,10,6,7,11,7,1,5,9,0,0,0,0,0,0,0,0,0,0,0,0,0,0
335,113,82,98,84,92,84,101,88,77,79,58,60,60,38,39,46,24,27,17,15,8,14,17,18,10,10,9
336,43,52,50,20,36,28,15,16,30,13,2,13,12,0,0,0,0,0,0,0,0,0,0,0,0,0,0
337,51,66,55,29,36,41,24,27,35,26,13,25,24,0,4,0,0,0,0,0,0,0,0,0,0,0,0
338,160,202,169,167,205,133,112,206,180,208,143,133,56,72,60,55,31,26,24,0,21,8,39,0,0,0,0
339,26,25,23,9,19,11,7,7,14,8,1,7,7,0,0,0,0,0,0,0,0,0,0,0,0,0,0
340,25,29,27,9,20,14,7,8,13,6,1,7,6,0,0,0,0,0,0,0,0,0,0,0,0,0,0
341,30,32,20,24,25,20,20,33,22,23,17,22,28,27,19,17,17,22,17,22,17,17,17,17,17,17,19
342,89,74,59,67,77,66,61,65,56,61,57,59,49,45,46,49,44,37,35,37,33,28,37,23,30,28,28
343,27,30,0,0,5,0,0,32,0,0,0,0,9,17,0,0,0,0,0,0,0,0,0,0,0,0,0
344,64,86,66,57,63,56,52,61,64,60,47,50,54,40,53,43,41,39,34,32,31,24,32,32,28,32,30
345,142,133,104,120,132,102,98,114,87,111,72,61,51,36,46,41,11,13,2,0,0,0,1,1,0,0,0
346,127,98,98,85,108,80,93,91,81,78,67,62,56,39,48,36,25,26,18,15,7,13,16,19,10,8,8
347,163,114,106,101,139,83,104,110,80,106,62,57,61,37,46,34,12,14,2,0,0,0,1,1,0,0,0
348,26,28,14,17,18,14,14,27,16,16,11,17,18,20,13,11,11,16,11,16,11,11,11,11,11,11,13
349,14,16,3,6,6,2,2,11,3,5,0,5,9,13,0,0,0,3,0,4,0,0,0,0,0,0,1
350,32,34,0,0,5,0,0,32,0,0,0,0,11,16,0,0,0,0,0,0,0,0,0,0,0,0,0
351,22,25,26,10,19,13,6,7,13,6,1,7,7,0,0,0,0,0,0,0,0,0,0,0,0,0,0
352,24,24,11,14,15,11,11,22,13,14,8,14,17,18,10,8,8,13,8,13,8,8,8,8,8,8,9
353,83,75,86,64,80,58,60,53,70,51,56,48,57,41,45,33,36,35,41,28,34,35,26,27,25,27,39
354,48,52,46,20,39,28,18,13,24,12,1,19,14,0,0,0,0,0,0,0,0,0,0,0,0,0,0
355,19,27,20,11,16,14,6,8,12,7,1,8,7,0,0,0,0,0,0,0,0,0,0,0,0,0,0
356,19,24,22,11,17,12,6,7,12,7,1,8,7,0,0,0,0,0,0,0,0,0,0,0,0,0,0
357,16,14,3,6,8,3,3,15,4,6,0,6,9,10,2,0,0,5,0,5,0,0,0,0,0,0,2
358,19,18,5,8,9,4,4,19,6,8,2,8,12,13,3,2,2,6,2,5,2,2,2,2,2,2,3
359,68,81,79,58,63,60,56,68,63,48,52,53,54,44,48,42,38,37,35,32,26,25,34,29,32,26,32
360,28,28,15,18,19,15,16,27,17,19,13,20,22,22,14,13,13,18,13,17,13,13,13,13,13,13,14
361,33,32,20,24,25,21,20,31,22,24,17,24,28,29,19,17,17,22,17,21,17,17,17,17,17,17,19
362,6,4,0,0,0,0,0,5,0,0,0,0,0,2,0,0,0,0,0,0,0,0,0,0,0,0,0
363,13,13,2,5,5,2,2,14,3,4,0,5,8,7,0,0,0,2,0,2,0,0,0,0,0,0,0
364,29,30,0,0,4,0,0,28,0,0,0,0,13,13,0,0,0,0,0,0,0,0,0,0,0,0,0
365,16,22,8,12,14,8,9,25,10,10,6,13,13,18,7,6,6,9,6,10,6,6,6,6,6,6,7
366,27,28,17,20,21,17,17,28,18,20,14,20,24,25,15,14,14,18,14,18,14,14,14,14,14,14,15
367,21,19,10,12,13,10,9,21,11,12,6,12,15,17,8,6,6,11,6,11,6,6,6,6,6,6,8
368,0,0,0,0,0,0,0,10,0,0,0,0,0,0,0,0,0,0,0,0,0,0,0,0,0,0,0
369,43,45,51,20,33,29,13,14,28,13,2,13,11,0,0,0,0,0,0,0,0,0,0,0,0,0,0
370,21,23,22,10,20,12,8,9,12,6,1,7,7,0,0,0,0,0,0,0,0,0,0,0,0,0,0
371,20,30,21,11,16,12,8,8,13,8,1,9,6,0,0,0,0,0,0,0,0,0,0,0,0,0,0
372,4,6,0,0,0,0,0,4,0,0,0,0,1,0,0,0,0,0,0,0,0,0,0,0,0,0,0
373,9,11,0,3,4,0,0,12,1,3,0,2,6,8,0,0,0,1,0,1,0,0,0,0,0,0,0
374,19,20,7,12,13,7,8,20,8,11,4,10,13,13,6,4,4,9,4,9,4,4,4,4,4,4,6
375,11,13,0,4,4,0,0,11,2,4,0,4,10,9,0,0,0,1,0,2,0,0,0,0,0,0,0
376,21,20,8,10,12,9,9,23,11,11,6,12,13,16,7,6,6,10,6,10,6,6,6,6,6,6,7
377,18,19,8,10,12,8,8,21,9,12,5,9,13,15,6,5,5,9,5,10,5,5,5,5,5,5,6
378,22,16,8,13,15,9,9,24,8,12,5,10,16,16,7,5,5,9,5,9,5,5,5,5,5,5,7
379,21,22,9,13,14,10,9,22,11,13,7,13,16,16,8,7,7,11,7,11,7,7,7,7,7,7,8
380,25,23,13,16,17,13,13,26,15,17,10,17,18,18,11,10,10,15,10,13,10,10,10,10,10,10,12
381,10,5,0,0,0,0,0,12,0,0,0,0,1,2,0,0,0,0,0,0,0,0,0,0,0,0,0
382,15,15,3,6,8,3,3,15,5,6,0,6,9,11,2,0,0,5,0,5,0,0,0,0,0,0,2
383,15,17,5,8,9,4,5,17,6,7,1,8,11,12,3,1,1,7,1,6,1,1,1,1,1,1,3
384,15,15,3,6,8,3,3,15,5,6,0,6,9,11,2,0,0,5,0,5,0,0,0,0,0,0,2
399,15,15,3,6,8,3,3,15,5,6,0,6,9,11,2,0,0,5,0,5,0,0,0,0,0,0,2
403,15,15,3,6,8,3,3,15,5,6,0,6,9,11,2,0,0,5,0,5,0,0,0,0,0,0,2
