place_id,Load at t=01/12/2011;19:30,Load at t=01/12/2011;19:40,Load at t=01/12/2011;19:50,Load at t=01/12/2011;20:00,Load at t=01/12/2011;20:10,Load at t=01/12/2011;20:20,Load at t=01/12/2011;20:30,Load at t=01/12/2011;20:40,Load at t=01/12/2011;20:50,Load at t=01/12/2011;21:00,Load at t=01/12/2011;21:10,Load at t=01/12/2011;21:20,Load at t=01/12/2011;21:30,Load at t=01/12/2011;21:40,Load at t=01/12/2011;21:50,Load at t=01/12/2011;22:00,Load at t=01/12/2011;22:10,Load at t=01/12/2011;22:20,Load at t=01/12/2011;22:30,Load at t=01/12/2011;22:40,Load at t=01/12/2011;22:50,Load at t=01/12/2011;23:00,Load at t=01/12/2011;23:10,Load at t=01/12/2011;23:20,Load at t=01/12/2011;23:30,Load at t=01/12/2011;23:40,Load at t=01/12/2011;23:50,Load at t=02/12/2011;00:00
099,160,160,179,149,153,153,154,153,154,120,114,111,111,110,111,103,104,103,103,101,101,50,50,50,50,50,50,12
098,270,271,280,223,218,221,212,222,222,225,225,215,220,214,208,169,166,167,167,166,165,110,110,110,110,110,110,36
097,150,154,200,178,171,192,199,166,133,114,111,110,110,110,110,70,70,70,70,70,70,50,50,50,50,50,50,3
096,170,170,195,183,171,181,190,178,133,124,120,120,120,120,120,80,80,80,80,80,80,40,40,40,40,40,40,6
095,130,130,137,133,133,137,136,132,123,101,100,100,100,100,100,80,80,80,80,80,80,50,50,50,50,50,50,12
094,140,150,164,138,140,135,146,141,131,122,116,113,111,111,113,63,64,64,63,63,61,40,40,40,40,40,40,9
093,210,228,230,180,191,174,177,184,173,178,175,181,175,163,156,136,129,132,129,127,120,80,80,80,80,80,80,24
092,110,110,110,96,94,100,98,98,93,96,96,93,92,91,91,60,62,60,61,61,61,52,50,50,50,50,50,18
091,291,408,428,419,433,439,450,463,480,482,489,500,440,333,245,163,170,171,171,122,80,30,30,30,30,30,30,6
090,170,170,170,121,123,123,125,122,121,112,116,113,114,110,111,90,92,91,90,91,90,33,30,30,30,30,30,3
089,130,158,169,158,162,162,165,163,164,132,145,129,136,130,131,82,86,85,91,90,70,50,50,50,50,50,50,9
088,110,110,110,102,108,105,108,105,105,97,94,94,90,90,90,70,70,70,70,70,70,50,50,50,50,50,50,6
087,160,160,160,140,146,146,149,146,147,137,136,135,130,130,131,90,90,91,90,92,90,71,71,70,70,70,70,15
086,190,190,190,133,132,134,135,138,136,155,151,160,152,153,156,122,120,120,120,123,120,80,80,80,80,80,80,24
085,100,100,105,105,116,105,109,111,105,104,101,100,101,100,103,72,70,70,70,71,70,60,60,60,60,60,60,12
084,170,172,187,182,178,171,173,176,162,127,122,122,121,121,120,82,80,81,81,86,81,60,60,60,60,60,60,15
083,250,254,270,223,215,215,222,221,223,213,209,207,198,216,202,135,133,136,137,136,120,70,70,70,70,70,70,18
082,330,330,332,228,224,222,222,224,221,238,233,229,231,230,226,203,205,200,204,203,205,121,120,120,120,120,120,30
081,200,200,201,175,177,178,174,178,176,151,149,150,146,153,148,113,117,116,118,117,117,86,87,86,87,85,86,18
080,150,155,158,147,145,145,149,141,143,120,122,125,122,130,126,104,107,110,105,104,102,67,68,73,69,66,60,9
199,80,80,82,71,78,71,71,70,74,73,73,72,74,73,73,51,52,54,53,55,52,42,41,40,46,43,41,12
198,190,190,190,140,147,145,144,145,145,123,129,126,124,122,122,110,111,113,111,110,111,42,40,41,40,41,40,12
197,210,223,260,185,196,181,188,198,190,197,180,185,171,163,164,135,132,131,125,131,122,90,90,90,90,90,90,24
196,90,104,110,109,112,111,115,113,112,90,98,91,96,93,89,73,69,74,73,65,60,40,40,40,40,40,40,12
195,150,150,195,186,188,178,175,162,161,164,123,121,122,124,124,71,74,73,71,72,71,40,40,40,40,40,40,18
194,260,260,276,200,210,210,197,212,196,203,205,185,187,185,183,152,157,154,154,158,156,72,70,70,70,70,70,21
193,100,100,104,95,93,94,91,92,91,81,84,81,80,81,83,52,52,54,51,50,50,40,40,40,40,40,40,12
192,160,160,160,116,113,114,113,113,113,124,121,125,121,123,125,125,125,123,126,123,125,89,82,84,81,83,85,18
191,170,246,289,256,248,229,234,207,209,128,124,129,124,126,123,96,94,97,98,96,91,50,50,50,50,50,50,12
190,90,90,91,80,81,81,83,81,80,81,81,81,80,80,81,51,50,51,50,52,50,50,50,50,50,50,50,9
079,460,502,577,507,504,494,497,505,507,484,488,485,481,489,481,357,350,360,353,363,326,266,280,276,275,213,170,39
078,360,361,511,483,466,498,497,402,340,315,261,260,260,260,260,130,130,130,130,130,130,100,100,100,100,100,100,15
077,200,200,200,140,137,141,144,139,135,135,139,140,137,142,137,129,126,129,131,126,130,76,72,77,77,74,71,21
076,250,250,250,162,165,166,168,170,166,176,181,175,174,177,174,141,141,144,143,142,143,81,80,80,80,80,80,24
075,200,200,200,153,155,153,157,154,155,143,145,141,143,142,140,101,100,100,103,100,101,50,50,50,50,50,50,12
074,371,464,467,427,399,398,407,400,410,393,401,399,277,235,237,190,184,196,189,173,150,90,90,90,90,90,90,15
073,250,292,321,296,289,285,288,297,286,288,291,284,303,298,276,206,213,207,216,196,151,120,120,120,120,120,120,27
072,170,170,170,130,131,138,135,132,131,114,114,113,110,110,110,100,101,101,100,101,100,51,50,50,50,50,50,9
071,240,243,261,207,218,210,214,206,214,208,219,212,211,220,210,163,160,161,160,167,153,120,120,120,120,120,120,27
070,70,70,71,64,66,66,67,64,68,55,53,53,55,53,55,35,31,34,34,33,38,24,21,22,26,21,22,6
189,70,72,75,71,65,69,66,68,67,66,63,62,65,64,64,63,60,61,63,65,60,60,60,60,60,60,60,18
188,170,170,171,128,130,128,135,126,127,125,129,129,126,128,123,88,86,90,90,90,93,51,55,53,51,51,51,21
187,140,140,140,121,120,123,123,122,126,112,114,111,111,111,110,71,74,71,71,70,70,52,50,51,52,51,52,12
186,160,160,166,132,134,133,137,133,135,121,127,125,123,121,123,124,124,127,125,126,127,97,96,95,95,95,90,18
185,170,170,171,140,142,143,142,144,143,131,130,131,130,130,130,110,112,110,110,110,110,90,90,90,90,90,90,15
184,100,101,106,99,95,94,94,94,94,85,83,83,83,80,80,51,52,51,51,51,50,20,20,20,20,20,20,6
183,216,267,300,249,250,282,256,254,251,241,210,220,215,192,186,135,140,137,133,135,120,100,100,100,100,100,100,18
182,80,143,156,135,144,135,142,135,134,134,133,137,139,139,127,112,121,119,118,61,40,30,30,30,30,30,30,6
181,150,150,197,174,174,184,201,168,136,116,110,110,110,110,110,70,70,70,70,70,70,50,50,50,50,50,50,15
180,170,170,208,190,198,204,202,195,154,135,130,130,130,130,130,100,100,100,100,100,100,70,70,70,70,70,70,21
299,70,70,71,60,63,62,62,64,62,61,63,60,60,60,60,50,50,50,50,50,50,40,40,40,40,40,40,12
298,60,60,60,60,63,63,63,60,62,61,60,60,60,60,61,50,50,50,51,50,50,40,40,40,40,40,40,12
297,60,60,60,63,62,60,65,66,60,61,62,60,60,60,60,60,60,60,60,60,60,60,60,60,60,60,60,9
296,70,70,71,73,72,71,71,73,72,70,73,71,73,72,71,72,71,73,75,73,75,72,72,71,73,73,70,6
295,81,82,85,83,85,84,86,82,81,82,86,82,82,80,80,50,50,51,51,52,50,40,40,40,40,40,40,12
294,100,100,104,97,101,101,96,106,101,92,96,103,91,92,90,74,73,75,80,72,75,71,69,75,69,68,63,9
293,80,80,82,71,75,73,72,74,72,72,72,71,70,70,72,41,41,41,41,42,40,30,30,30,30,30,30,3
292,80,216,232,221,228,225,105,80,80,80,80,80,80,80,80,60,60,60,60,60,60,60,60,60,60,60,60,12
291,91,64,62,65,63,65,60,60,60,60,60,60,60,60,60,40,40,40,40,40,40,40,40,40,40,40,40,6
290,88,109,108,103,102,106,102,80,80,80,80,80,80,80,80,50,50,50,50,50,50,40,40,40,40,40,40,6
069,110,110,110,107,137,134,127,132,142,99,86,83,80,80,80,50,50,50,50,50,50,40,40,40,40,40,40,9
068,290,299,316,254,251,252,244,252,248,244,240,235,236,244,238,172,171,178,180,173,161,120,120,120,120,120,120,27
067,230,232,251,197,208,198,204,193,201,198,207,198,200,209,203,150,152,150,149,158,144,120,120,120,120,120,120,21
066,240,247,246,187,185,188,187,187,186,186,191,186,190,191,181,120,120,120,120,121,120,80,80,80,80,80,80,15
065,210,210,210,161,162,166,170,163,169,148,144,142,140,143,140,73,75,75,70,73,72,41,44,43,46,44,42,8
064,140,140,140,120,123,123,124,122,120,106,103,101,101,102,100,81,80,80,80,81,80,30,30,30,30,30,30,6
063,255,265,272,235,236,233,237,233,234,220,211,219,221,226,219,160,170,170,175,160,140,110,110,110,110,110,110,24
062,213,218,214,177,174,178,177,179,174,176,181,175,183,180,170,110,110,110,110,110,110,90,90,90,90,90,90,18
061,290,290,290,230,264,280,269,276,291,237,227,214,210,210,210,120,120,120,120,120,120,90,90,90,90,90,90,18
060,390,390,414,325,352,343,337,335,348,326,321,319,326,311,331,192,181,184,176,182,183,146,144,141,136,139,116,21
179,90,91,103,128,124,117,119,124,109,86,80,81,81,80,81,52,50,51,51,54,50,30,30,30,30,30,30,12
178,60,60,65,81,80,78,88,88,73,63,60,60,60,60,60,50,50,50,50,50,50,30,30,30,30,30,30,9
177,210,211,221,156,157,157,158,158,157,159,157,157,156,154,156,108,105,112,106,109,112,80,74,76,76,77,70,27
176,160,165,179,136,136,140,144,136,129,118,117,112,116,113,115,105,106,104,105,101,100,60,60,60,60,60,60,12
175,199,283,277,252,251,238,251,238,253,188,191,173,179,161,165,100,111,106,114,103,80,50,50,50,50,50,50,15
174,131,131,132,94,92,91,91,91,92,91,90,92,91,91,90,80,80,80,80,80,80,50,50,50,50,50,50,12
173,164,200,200,194,200,200,200,200,201,200,200,200,201,200,201,175,180,180,179,88,50,50,50,50,50,50,50,6
172,250,250,250,167,168,171,172,169,169,193,188,188,189,188,186,171,176,170,173,173,173,93,90,90,90,90,90,21
171,2900,2508,2198,1878,1568,1258,1028,868,708,548,388,228,90,90,90,70,70,70,70,70,70,70,70,70,70,70,70,9
170,152,146,144,126,125,126,128,127,127,101,101,101,100,101,101,80,80,81,80,80,80,30,30,30,30,30,30,6
289,70,70,70,67,64,62,65,64,62,61,61,60,60,60,60,60,60,60,60,60,60,50,50,50,50,50,50,3
288,80,148,219,212,215,220,150,81,80,80,80,80,80,80,80,50,50,50,50,50,50,50,50,50,50,50,50,12
287,50,60,136,135,135,148,124,52,52,51,50,50,50,50,50,30,30,30,30,30,30,30,30,30,30,30,30,6
286,30,30,30,37,34,35,36,36,33,31,31,30,30,30,30,30,30,30,30,30,30,30,30,30,30,30,30,6
285,70,70,73,83,85,85,89,85,77,70,73,70,70,70,70,60,60,60,60,60,60,50,50,50,50,50,50,15
284,80,83,90,86,88,86,83,87,84,81,83,82,80,80,84,51,52,50,50,51,50,40,40,40,40,40,40,6
283,100,100,100,102,101,101,101,103,101,101,101,100,100,100,101,70,70,72,70,71,70,70,70,70,70,70,70,21
282,50,51,52,52,52,51,51,52,51,50,52,52,50,52,51,51,52,52,51,50,50,30,30,30,30,30,30,6
281,60,60,60,60,60,61,60,60,62,60,61,60,62,60,61,61,62,62,60,60,61,60,60,60,60,61,61,6
280,40,41,46,48,48,49,51,49,43,41,43,42,41,42,40,32,32,33,33,30,30,30,30,30,30,30,30,9
399,10,10,10,10,10,10,10,10,10,10,10,10,10,10,10,10,10,10,10,10,10,10,10,10,10,10,10,3
059,210,210,235,199,195,199,207,199,152,143,140,140,140,140,140,80,80,80,80,80,80,30,30,30,30,30,30,6
058,290,290,292,298,347,334,337,345,320,236,230,200,200,200,200,90,90,90,90,90,90,80,80,80,80,80,80,12
057,430,479,531,446,443,440,443,449,442,438,426,432,453,451,427,329,337,336,349,322,250,190,190,190,190,190,190,45
056,241,246,246,187,185,187,186,186,185,185,191,185,191,189,181,140,140,140,140,140,140,110,110,110,110,110,110,24
055,290,290,293,297,333,320,329,335,303,222,218,190,190,190,190,80,80,80,80,80,80,60,60,60,60,60,60,12
054,272,389,410,381,388,390,389,390,391,378,380,380,380,375,303,202,191,201,197,180,110,80,80,80,80,80,80,15
053,300,300,300,242,288,307,293,311,313,249,244,226,220,220,220,110,110,110,110,110,110,80,80,80,80,80,80,12
052,290,290,291,276,325,323,317,326,313,237,228,202,200,200,200,100,100,100,100,100,100,70,70,70,70,70,70,12
051,390,472,550,472,475,464,467,476,476,456,452,454,453,459,450,327,327,336,339,321,293,269,269,267,268,173,150,33
050,310,310,339,377,377,367,385,373,290,252,229,210,210,210,210,90,90,90,90,90,90,70,70,70,70,70,70,9
169,220,220,220,143,148,146,146,142,145,155,154,152,156,152,151,122,122,122,121,121,120,50,50,50,50,50,50,15
168,150,152,164,147,142,143,145,143,144,134,136,138,127,139,128,90,96,95,91,92,80,60,60,60,60,60,60,12
167,120,120,121,104,109,107,105,108,105,109,106,108,105,108,105,73,77,77,79,80,79,56,56,55,57,54,58,12
166,80,80,80,81,80,82,82,83,82,83,83,81,85,84,81,61,63,60,60,64,61,61,61,63,61,61,60,15
165,60,61,62,65,64,60,66,65,61,62,61,66,62,67,62,44,43,43,43,46,41,41,40,43,42,40,40,3
164,120,120,129,138,137,142,143,131,122,103,101,100,100,100,100,70,70,70,70,70,70,30,30,30,30,30,30,3
163,80,83,85,88,90,88,84,88,86,72,76,74,75,74,75,51,51,50,50,50,50,30,30,30,30,30,30,6
162,240,270,298,256,247,249,241,251,241,255,250,235,247,253,235,165,168,172,166,155,131,90,90,90,90,90,90,21
161,240,244,261,218,229,221,225,216,224,220,226,222,225,231,219,151,151,152,151,155,142,110,110,110,110,110,110,24
160,220,226,240,198,205,201,202,197,203,199,200,199,202,208,198,148,145,150,150,154,141,110,110,110,110,110,110,24
279,90,90,93,107,110,106,104,102,102,98,92,90,91,92,90,61,61,60,60,62,60,60,60,60,60,60,60,15
278,50,50,50,52,54,52,53,50,51,51,50,50,50,50,50,50,50,50,50,50,50,40,40,40,40,40,40,9
277,180,181,180,156,154,152,155,152,154,140,140,140,140,140,140,100,100,100,100,100,100,80,80,80,80,80,80,21
276,70,70,70,73,88,86,83,90,92,79,76,73,70,70,70,50,50,50,50,50,50,50,50,50,50,50,50,6
275,30,32,36,35,37,34,31,36,33,32,30,31,30,30,32,22,20,21,20,21,20,20,20,20,20,20,20,6
274,80,91,103,87,83,83,80,80,80,80,80,80,80,80,80,60,60,60,60,60,60,60,60,60,60,60,60,12
273,103,126,116,106,103,98,92,90,90,80,80,80,80,80,80,70,70,70,70,70,70,40,40,40,40,40,40,9
272,80,80,80,80,82,81,80,85,83,82,82,85,84,80,82,52,53,50,51,52,53,44,41,40,42,43,40,9
271,70,72,71,72,72,70,70,70,70,70,70,70,70,70,70,70,70,70,70,70,70,70,70,70,70,70,70,21
270,110,168,179,158,164,192,159,106,109,90,90,90,90,91,90,60,60,60,60,60,60,50,50,50,50,50,50,9
049,230,230,239,204,211,219,206,221,215,221,226,215,221,220,212,148,133,136,142,138,138,109,100,102,96,97,93,15
048,380,449,523,465,469,461,461,477,471,451,448,448,447,454,442,328,327,336,335,326,293,266,269,268,267,185,150,33
384,50,50,50,50,52,50,50,50,50,50,50,50,50,50,50,50,50,50,50,50,50,50,50,50,50,50,50,15
047,330,342,382,363,364,365,360,355,371,362,359,365,351,351,357,271,267,265,260,266,263,216,222,207,219,203,140,30
383,50,50,50,50,50,51,50,50,51,50,50,50,50,50,50,52,50,50,50,50,50,50,50,50,50,50,50,15
046,370,371,524,483,471,493,474,384,342,326,270,270,270,270,270,120,120,120,120,120,120,100,100,100,100,100,100,12
382,10,10,10,10,10,10,10,11,10,10,10,10,11,10,10,10,10,10,10,10,10,10,10,10,10,10,10,3
045,330,339,379,360,368,367,356,353,376,348,352,349,343,341,338,260,255,253,251,254,251,208,215,196,204,198,130,30
381,60,61,60,60,60,60,60,61,60,61,60,60,60,60,60,60,60,60,60,60,60,60,60,60,60,60,60,15
044,370,386,426,333,345,342,348,352,342,299,260,262,260,261,261,143,140,141,140,141,140,120,120,120,120,120,120,24
380,30,30,30,30,30,30,32,30,31,30,30,30,30,30,30,30,30,30,30,30,30,30,30,30,30,30,30,9
043,450,450,450,333,344,355,371,365,365,337,307,304,303,307,305,167,170,162,167,172,165,116,116,116,114,115,111,22
042,310,310,326,367,365,356,368,374,280,242,219,200,200,200,200,80,80,80,80,80,80,60,60,60,60,60,60,12
041,271,399,459,462,522,591,655,726,781,833,880,941,1009,1062,1056,963,937,917,897,862,734,584,464,344,224,110,110,21
159,240,246,246,187,185,187,186,186,185,186,191,185,191,190,182,140,140,140,140,140,140,100,100,100,100,100,100,21
040,340,340,385,402,388,388,405,378,298,262,237,220,220,220,220,90,90,90,90,90,90,70,70,70,70,70,70,15
158,200,200,200,150,152,152,156,154,152,142,142,140,140,140,140,70,70,71,70,72,71,30,31,30,32,30,30,12
157,254,298,325,280,266,272,274,274,266,276,266,270,285,275,265,204,217,221,219,187,140,110,110,110,110,110,110,30
156,260,260,260,206,231,245,233,242,247,213,201,193,190,190,190,110,110,110,110,110,110,90,90,90,90,90,90,24
155,290,290,302,241,261,261,253,247,262,251,248,238,241,241,245,140,132,140,133,130,140,98,100,102,97,96,82,18
154,290,290,295,317,355,334,349,356,297,221,216,190,190,190,190,70,70,70,70,70,70,60,60,60,60,60,60,9
153,310,310,310,245,292,313,294,312,319,255,240,228,220,220,220,130,130,130,130,130,130,100,100,100,100,100,100,18
152,360,454,518,439,434,431,440,443,443,426,418,420,423,427,421,296,300,307,302,300,262,240,240,240,240,135,120,21
151,240,240,254,207,215,224,216,225,221,220,230,224,223,223,218,171,161,166,171,165,160,126,116,113,108,113,104,21
150,320,335,390,378,378,378,368,372,379,368,365,362,351,355,359,262,249,251,255,256,246,204,208,193,203,182,120,21
269,100,101,100,90,90,90,90,90,92,90,90,90,90,90,90,70,70,70,70,70,70,70,70,70,70,70,70,21
268,130,130,131,82,81,82,81,84,81,91,92,92,91,93,92,81,81,81,82,82,83,62,63,60,61,60,61,21
267,110,110,110,71,73,73,72,75,72,74,70,72,73,70,70,71,70,71,70,70,70,40,40,40,40,41,40,12
266,80,80,80,70,71,70,73,71,70,70,70,73,70,70,70,60,60,60,60,60,62,40,40,40,40,40,40,12
265,90,90,90,98,103,105,105,100,99,86,81,80,80,80,81,70,70,70,70,71,71,41,40,40,40,40,40,9
264,70,70,71,74,73,73,72,71,73,71,72,72,71,70,74,43,42,44,42,42,40,40,40,40,40,40,40,15
263,100,100,100,92,92,95,94,91,96,85,83,82,81,81,80,71,74,71,71,71,71,61,61,61,63,63,60,7
262,114,114,110,80,80,80,80,80,82,90,91,90,90,91,90,70,71,70,70,70,70,60,60,60,60,60,60,21
261,60,60,60,60,61,61,60,63,62,50,50,50,50,50,51,40,42,40,40,41,40,40,40,41,40,41,40,3
260,150,150,150,81,81,81,84,82,83,102,103,102,106,104,103,72,75,74,75,73,70,54,51,54,53,52,51,15
379,70,70,74,72,71,70,78,77,73,73,70,70,70,70,70,70,70,70,70,70,70,70,70,70,70,70,70,21
378,30,30,30,30,31,30,30,30,30,30,30,30,30,30,30,30,30,30,30,30,30,30,30,30,30,30,30,9
377,40,40,40,40,41,40,41,40,40,41,40,40,40,40,40,40,40,40,40,40,40,40,40,40,40,40,40,12
376,60,60,60,60,61,60,62,60,60,60,60,60,60,60,60,60,60,60,60,60,60,60,60,60,60,60,60,18
039,360,369,417,323,331,333,337,339,336,292,250,252,250,251,250,141,140,141,140,141,140,120,120,120,120,120,120,18
375,60,60,60,60,62,60,60,60,62,60,60,60,60,60,60,60,60,60,60,60,60,60,60,60,60,60,60,18
038,330,348,410,388,373,379,356,385,381,367,362,360,350,362,358,241,241,239,247,247,235,192,197,184,194,165,110,24
374,30,30,30,30,30,30,30,31,30,31,31,30,30,30,30,30,30,30,30,30,30,30,30,30,30,30,30,9
037,350,355,402,323,320,328,338,332,328,295,250,250,250,250,250,130,130,130,130,130,130,110,110,110,110,110,110,21
373,60,60,60,60,60,62,62,62,63,61,60,60,60,60,60,60,60,60,60,60,60,60,60,60,60,60,60,18
036,230,230,230,160,162,162,168,167,168,158,153,151,153,151,152,95,95,91,92,91,93,52,51,55,52,52,51,12
372,60,60,60,61,62,62,62,63,60,61,60,60,60,60,60,60,60,60,60,60,60,60,60,60,60,60,60,15
035,350,351,421,425,419,419,436,394,319,276,247,230,230,230,230,90,90,90,90,90,90,60,60,60,60,60,60,6
371,61,68,65,63,60,61,63,60,60,60,60,61,60,60,60,60,61,60,61,60,60,60,60,60,60,60,60,9
034,360,388,465,419,411,405,400,420,420,395,390,383,385,388,379,275,267,277,273,285,254,217,226,220,223,175,130,27
370,60,60,60,60,62,62,62,62,61,61,61,61,61,60,60,60,60,61,60,60,60,60,60,60,61,60,60,15
033,350,350,405,420,396,411,422,383,306,274,248,230,230,230,230,90,90,90,90,90,90,60,60,60,60,60,60,6
032,240,244,261,203,196,196,202,203,204,201,197,198,186,204,192,155,153,160,155,156,140,110,110,110,110,110,110,18
031,350,356,396,352,373,365,361,350,371,351,348,350,342,337,344,254,243,248,240,247,244,188,202,183,181,188,124,21
030,240,240,245,182,196,183,186,188,192,178,182,172,175,171,179,131,130,128,122,123,135,81,84,91,80,84,77,12
149,360,364,437,364,353,360,368,325,323,300,250,250,250,250,250,130,130,130,130,130,130,110,110,110,110,110,110,18
148,270,270,270,181,184,189,193,187,188,192,184,183,180,183,180,105,105,107,100,104,105,51,55,53,56,54,53,13
147,310,335,402,369,352,358,345,372,361,352,348,339,335,348,337,249,247,247,252,258,238,195,202,190,198,160,110,18
146,60,60,61,60,60,61,60,61,60,60,60,60,60,60,60,60,60,60,60,60,60,60,60,60,60,60,60,12
145,370,376,453,366,354,359,374,330,326,297,250,250,250,250,250,130,130,130,130,130,130,110,110,110,110,110,110,18
144,350,351,437,442,412,425,438,386,318,279,242,230,230,230,230,90,90,90,90,90,90,60,60,60,60,60,60,9
143,240,240,257,208,222,224,216,230,222,211,222,219,215,217,210,163,153,156,161,153,153,102,98,94,89,91,81,12
142,380,402,417,326,328,324,325,332,327,296,293,298,290,302,287,172,166,172,174,164,150,110,110,110,110,110,110,18
141,361,415,436,359,375,382,378,371,372,276,269,266,265,267,271,151,148,145,147,140,140,120,120,120,120,120,120,24
140,80,81,84,78,78,74,76,76,77,69,67,66,64,71,69,44,45,42,45,51,43,30,30,30,30,30,30,0
259,80,84,104,89,87,89,86,82,80,70,70,70,70,70,70,60,60,60,60,60,60,50,50,50,50,50,50,9
258,130,130,142,159,157,143,147,148,139,129,114,110,112,111,112,62,63,62,61,65,60,20,20,20,20,20,20,3
257,80,80,81,75,72,70,72,72,72,73,70,70,70,70,70,50,50,50,50,50,50,50,50,50,50,50,50,6
256,50,50,50,50,50,51,53,54,52,52,51,50,50,50,52,40,41,41,42,40,41,40,40,41,40,40,41,12
255,90,90,94,92,97,95,95,95,92,91,95,95,97,92,98,65,63,65,61,62,63,71,64,63,62,62,60,9
254,60,60,60,52,60,58,62,57,62,54,57,51,51,51,52,41,41,40,41,40,43,31,32,31,30,30,30,3
253,131,142,146,126,129,126,122,127,123,113,109,105,104,103,104,72,78,75,72,75,70,60,60,60,60,60,60,12
252,191,164,71,71,73,70,71,70,70,60,60,60,60,60,60,50,50,50,50,50,50,40,40,40,40,40,40,6
251,150,151,152,114,113,113,113,111,113,116,112,111,111,110,111,101,102,102,100,101,102,71,74,72,72,71,70,12
250,90,90,97,102,106,110,105,105,108,94,94,97,97,94,95,67,68,65,67,61,63,59,56,53,53,55,50,12
369,50,51,50,50,50,51,51,52,54,51,54,52,52,50,51,52,50,50,52,51,51,50,50,50,50,50,50,12
368,60,60,61,60,61,60,60,61,60,60,60,60,60,60,60,60,60,60,60,60,60,60,60,60,60,60,60,18
367,50,50,50,50,50,50,51,50,51,52,52,51,50,50,50,50,50,50,51,50,50,50,50,51,50,53,50,15
366,50,50,50,53,53,51,53,52,51,52,50,50,51,50,52,51,50,50,50,50,50,50,50,50,50,50,50,12
029,402,501,501,416,419,416,418,416,401,316,311,310,307,308,318,190,188,186,186,176,170,150,150,150,150,150,150,30
365,70,70,70,71,71,72,73,72,70,70,72,70,70,70,70,70,70,70,70,70,70,70,70,70,70,70,70,15
028,371,434,450,386,394,395,397,386,383,280,281,276,277,276,285,162,159,157,156,150,150,120,120,120,120,120,120,24
364,70,70,70,70,70,71,71,70,73,73,70,71,71,70,70,70,70,70,71,71,70,70,71,70,70,70,70,15
027,320,320,320,266,306,325,308,333,329,252,243,225,220,220,220,140,140,140,140,140,140,90,90,90,90,90,90,12
363,30,30,30,30,30,30,31,31,30,31,30,30,32,30,30,30,30,30,30,30,30,30,31,30,30,30,31,9
026,370,386,407,334,329,334,335,335,338,301,289,305,291,303,286,160,151,161,162,154,140,120,120,120,120,120,120,18
362,40,40,40,40,40,41,40,40,40,40,40,40,40,40,40,40,40,40,40,40,40,40,40,40,40,40,40,12
025,371,449,452,382,382,380,387,380,374,281,285,278,279,276,290,172,171,169,164,161,160,140,140,140,140,140,140,27
361,40,40,40,41,41,43,42,41,42,42,40,40,40,40,41,41,41,40,40,40,40,30,30,30,30,30,30,9
024,280,282,302,225,238,229,241,222,239,219,224,221,219,228,220,172,177,172,171,180,163,110,110,110,110,110,110,24
360,30,30,30,32,33,31,31,33,31,32,30,30,30,30,32,21,20,20,20,20,20,10,10,10,10,10,10,9
023,370,370,372,297,302,312,300,306,301,296,302,292,301,292,290,202,203,190,200,196,194,175,177,177,176,174,169,42
022,330,340,370,292,286,280,293,291,294,291,275,282,286,290,278,187,193,197,193,187,150,120,120,120,120,120,120,24
021,300,300,301,253,303,296,292,306,291,234,222,205,200,200,200,110,110,110,110,110,110,60,60,60,60,60,60,3
020,430,430,460,362,388,377,374,369,385,357,362,349,360,351,366,225,211,215,215,219,212,181,176,173,170,174,142,27
139,210,212,226,167,176,175,176,171,181,165,166,165,162,170,165,108,113,104,108,114,105,70,70,70,70,70,70,12
138,220,220,220,161,162,164,172,169,169,168,165,161,164,162,162,95,96,91,93,92,94,53,53,56,51,52,50,12
137,380,380,380,291,310,328,330,332,330,314,291,284,282,284,283,172,173,170,173,174,172,133,134,131,130,130,130,33
136,90,90,90,81,81,83,82,87,82,80,81,81,82,80,80,51,50,51,50,50,51,50,50,50,50,52,50,15
135,360,409,439,357,377,383,379,378,370,283,270,266,266,267,270,151,150,144,148,141,140,120,120,120,120,120,120,24
134,4110,3594,3184,2754,2344,1952,1692,1432,1208,1088,978,868,758,648,538,388,278,168,58,40,40,20,20,20,20,20,20,0
133,100,100,100,81,82,82,81,83,81,82,80,80,80,80,80,60,60,60,60,60,60,60,60,60,60,60,60,12
132,400,403,441,389,411,406,398,390,410,391,387,385,383,377,387,253,242,240,240,242,241,205,212,201,198,205,146,24
131,110,123,134,119,119,121,115,110,110,110,110,110,110,110,110,90,90,90,90,90,90,90,90,90,90,90,90,18
130,70,70,72,73,73,71,71,72,71,70,73,70,73,70,70,43,42,42,41,43,41,40,40,40,40,40,40,6
249,122,132,164,137,131,144,137,128,125,130,109,112,129,105,105,72,77,75,75,74,73,50,50,50,50,50,50,15
248,150,163,186,156,158,163,164,148,149,162,128,120,138,126,118,106,110,104,106,107,104,60,60,60,60,60,60,6
247,70,70,70,60,60,64,67,65,66,65,61,60,60,61,62,52,54,50,52,50,51,40,41,41,40,41,43,8
246,90,92,103,88,94,96,95,95,86,83,84,83,83,83,82,54,55,53,54,51,50,50,50,50,50,50,50,9
245,90,90,95,97,93,93,94,95,92,92,94,92,96,91,93,72,73,72,73,71,70,70,70,70,70,70,70,12
244,192,300,283,282,279,199,98,90,90,90,90,90,90,90,90,50,50,50,50,50,50,50,50,50,50,50,50,21
243,340,437,439,411,411,390,260,261,134,101,101,100,100,100,100,82,81,81,80,80,81,60,60,60,60,60,60,12
242,80,81,82,76,75,75,74,74,72,61,60,60,60,60,60,40,40,40,40,40,40,30,30,30,30,30,30,3
241,40,45,45,47,44,48,46,50,42,46,42,46,44,45,42,11,14,10,11,12,10,10,10,10,10,10,10,3
240,80,80,80,74,76,83,74,79,73,74,72,70,70,70,70,50,50,50,50,50,50,50,50,50,50,50,50,12
359,70,70,70,71,70,73,72,71,73,71,70,75,70,73,72,71,73,70,72,73,72,62,62,62,60,61,61,15
358,50,50,50,50,52,54,50,51,51,51,51,50,50,50,50,50,50,50,50,50,50,50,50,50,50,50,50,12
357,20,20,20,20,21,22,20,21,21,21,20,20,20,20,20,21,20,20,20,20,20,20,20,20,20,20,20,3
356,70,72,72,70,76,73,71,70,70,71,70,70,70,70,70,70,70,70,70,70,70,70,70,70,70,70,70,12
019,360,360,363,286,293,299,292,294,288,288,289,282,290,282,282,190,192,181,189,187,183,165,165,167,165,162,159,36
355,70,70,70,70,70,72,72,73,72,74,71,72,71,70,70,60,61,61,61,60,60,62,61,61,61,62,62,12
018,380,380,386,319,323,333,324,334,325,325,328,317,326,321,318,213,200,203,212,203,203,164,157,161,154,149,147,30
354,60,61,62,60,60,61,60,62,61,60,61,60,60,60,60,40,40,40,40,40,40,40,40,40,40,40,40,18
017,390,390,400,420,434,432,433,447,358,291,274,250,250,250,250,120,120,120,120,120,120,70,70,70,70,70,70,9
353,70,71,71,72,74,71,71,73,73,73,70,71,70,71,71,50,50,51,50,51,50,50,50,50,50,50,50,12
016,320,320,320,251,273,283,287,286,284,258,235,233,230,232,231,140,141,141,141,142,140,112,112,110,110,110,110,21
352,70,70,70,70,70,71,71,70,70,70,71,70,70,70,70,70,70,70,70,70,70,70,70,70,70,70,70,18
015,410,410,411,324,335,346,341,344,345,330,320,315,314,313,307,200,194,191,198,194,195,172,176,176,173,168,168,36
351,60,61,66,69,62,65,62,60,61,61,60,60,60,60,60,60,60,60,60,60,60,60,60,60,60,60,60,15
014,370,370,370,294,307,312,310,316,318,307,298,292,289,290,285,179,172,171,170,175,170,152,153,151,152,148,144,27
350,60,60,60,60,61,60,60,62,60,60,60,60,60,60,60,51,50,50,51,51,50,50,50,50,50,50,50,9
013,280,280,280,213,240,252,249,250,253,229,211,206,200,201,200,120,120,120,121,120,120,90,90,90,90,90,90,21
012,250,250,251,185,193,193,194,187,192,191,196,187,188,190,192,132,130,134,127,126,135,81,75,79,81,74,71,12
011,430,480,565,488,490,480,482,492,493,461,460,459,457,465,450,330,329,335,335,336,300,252,264,261,257,189,150,36
010,360,361,489,470,451,479,482,398,337,304,255,250,250,250,250,100,100,100,100,100,100,70,70,70,70,70,70,12
129,122,213,125,119,122,117,108,90,90,90,90,90,90,90,90,40,40,40,40,40,40,30,30,30,30,30,30,0
128,190,190,190,124,123,122,122,121,124,124,123,122,123,124,122,121,122,124,123,124,122,74,71,70,74,74,70,21
127,310,420,430,387,390,390,390,391,389,381,380,380,380,384,277,217,213,223,215,186,130,90,90,90,90,90,90,18
126,380,381,417,344,374,364,355,354,370,349,352,351,344,341,349,228,213,214,218,210,216,183,180,181,172,181,132,18
125,110,113,116,113,111,104,117,110,106,101,97,99,99,103,100,71,69,75,72,72,68,35,35,41,35,36,30,9
124,180,180,180,145,150,150,149,151,148,146,135,136,130,130,131,80,81,81,81,81,81,50,50,50,50,50,50,15
123,120,120,123,94,96,95,94,94,94,90,92,92,90,90,90,61,60,60,60,60,60,20,20,20,20,20,20,6
122,210,210,214,126,135,135,134,134,140,153,156,145,144,150,143,123,120,122,122,122,120,50,50,50,50,50,50,18
121,220,220,222,132,135,135,136,137,136,168,179,164,165,176,164,131,134,134,133,132,134,90,90,90,90,90,90,33
120,60,76,67,62,61,61,63,60,60,60,60,60,60,60,60,40,40,40,40,40,40,40,40,40,40,40,40,3
239,90,90,90,75,75,73,77,76,71,73,71,70,70,70,70,50,50,50,50,50,50,50,50,50,50,50,50,6
238,110,114,120,114,110,112,110,117,108,92,87,90,90,85,86,60,55,57,60,63,54,0,0,0,0,0,0,6
237,141,231,229,228,229,232,229,232,188,136,139,130,134,126,139,111,110,114,108,80,80,70,70,70,70,70,70,15
236,181,184,191,135,136,138,137,137,135,137,134,135,132,131,131,110,111,111,112,110,110,70,70,70,70,70,70,24
235,281,235,201,193,195,193,191,191,191,193,192,191,190,190,190,150,150,150,95,40,40,30,30,30,30,30,30,6
234,90,90,90,81,83,84,82,82,81,83,88,82,85,84,81,52,51,51,51,51,52,52,51,50,52,54,51,9
233,141,182,185,177,172,185,129,108,107,90,90,90,90,90,90,50,50,50,50,50,50,30,30,30,30,30,30,6
232,60,60,60,50,50,50,50,50,50,50,50,50,50,50,51,30,31,30,30,30,30,30,31,30,30,30,30,6
231,80,80,82,81,80,84,82,81,84,84,81,81,82,81,82,52,51,52,53,50,52,41,41,41,41,42,40,6
230,186,248,218,184,193,187,187,197,159,144,141,142,141,142,142,100,102,104,100,101,100,70,70,70,70,70,70,24
349,40,40,40,40,41,40,41,41,43,40,41,40,40,40,40,40,40,41,40,40,40,40,40,40,40,40,40,6
348,70,70,70,70,71,72,70,71,73,72,71,70,70,70,70,70,70,70,70,70,70,70,70,70,70,70,70,12
347,70,70,75,74,78,72,71,75,74,74,72,73,77,75,73,47,44,44,46,44,45,45,42,48,44,41,40,3
346,60,60,62,63,61,64,62,60,61,62,61,63,63,64,61,54,53,52,53,51,51,51,51,52,52,50,50,9
009,360,360,360,302,317,332,336,340,336,308,276,273,273,274,274,153,155,150,155,158,153,133,136,132,130,131,130,24
345,90,90,90,80,80,80,82,81,81,91,92,90,91,91,90,61,63,62,61,62,60,60,60,60,62,61,60,18
008,380,394,411,305,294,298,303,303,307,279,274,279,268,284,267,149,142,149,149,146,130,70,70,70,70,70,70,9
344,50,51,50,54,54,55,52,57,53,57,58,54,53,52,56,42,42,43,45,41,42,40,40,40,40,40,40,12
007,410,410,415,342,351,355,351,357,348,336,340,337,339,330,328,193,188,186,190,186,186,155,147,157,148,148,145,33
343,60,60,60,63,61,62,63,64,60,60,61,60,60,60,60,60,60,60,60,60,60,60,60,60,60,60,60,15
006,391,466,486,416,429,431,426,426,407,290,291,288,287,287,299,161,161,158,154,151,150,120,120,120,120,120,120,15
342,40,40,40,40,43,42,42,41,43,42,42,44,42,40,45,32,33,32,31,30,31,30,30,30,30,30,30,6
005,420,445,482,351,376,370,372,380,365,311,281,283,281,282,285,124,121,122,121,120,120,100,100,100,100,100,100,12
341,40,40,40,40,41,42,42,41,40,40,41,40,40,40,40,40,40,40,40,40,40,40,40,40,40,40,40,9
004,390,412,446,349,367,362,368,372,364,314,280,282,280,281,281,142,141,141,140,141,140,110,110,110,110,110,110,24
340,40,40,40,44,42,47,46,46,43,42,41,40,40,40,40,30,30,30,30,30,30,30,30,30,30,30,30,9
003,390,391,503,477,457,474,484,411,347,321,277,270,270,270,270,90,90,90,90,90,90,70,70,70,70,70,70,12
002,460,460,460,363,374,383,383,389,392,360,342,337,338,338,335,227,222,218,217,224,220,189,192,188,190,185,183,39
001,100,100,100,70,72,72,78,75,77,77,73,70,73,71,71,43,44,41,42,41,42,21,21,24,22,21,21,6
119,110,110,111,113,110,129,117,120,113,105,102,100,100,100,100,60,60,60,60,60,60,50,50,50,50,50,50,12
118,90,90,91,82,80,85,82,85,83,71,72,72,73,74,71,41,42,41,42,41,41,32,32,31,32,32,34,9
117,180,180,181,104,104,106,104,108,107,103,103,101,103,100,100,100,100,102,100,100,101,30,30,30,30,30,30,9
116,370,370,372,306,311,320,312,316,311,296,298,295,298,293,288,203,202,190,199,198,193,174,178,176,175,173,169,37
115,210,210,210,185,194,188,185,197,194,183,176,178,174,175,177,120,121,124,122,121,123,81,80,80,80,80,80,21
114,250,250,250,132,133,133,132,137,136,182,183,187,184,181,184,131,130,130,130,131,131,70,71,71,70,71,71,41
113,150,150,152,115,113,113,115,116,115,120,115,115,114,117,114,107,105,109,107,107,109,76,74,74,73,73,73,9
112,140,140,140,120,125,124,130,126,124,122,127,124,125,130,124,93,94,99,94,96,95,75,71,76,70,74,71,18
111,150,150,150,132,140,133,137,137,134,128,128,128,120,122,120,71,70,70,70,71,70,52,50,50,50,50,50,15
110,170,170,171,132,145,147,140,142,146,148,147,135,132,131,131,83,81,82,82,83,82,70,70,70,70,70,70,9
229,200,224,304,232,231,215,216,199,190,161,134,134,132,137,133,115,112,116,115,117,113,50,50,50,50,50,50,12
228,104,109,122,120,120,122,126,102,100,90,90,90,90,90,90,50,50,50,50,50,50,40,40,40,40,40,40,9
227,70,89,131,127,123,137,149,83,75,72,70,70,70,70,70,40,40,40,40,40,40,40,40,40,40,40,40,6
226,130,130,135,119,130,129,121,127,132,106,107,92,90,91,91,52,50,51,52,52,54,40,40,40,40,40,40,12
225,131,295,291,247,249,221,97,90,90,90,90,90,90,90,90,60,60,60,60,60,60,60,60,60,60,60,60,6
224,3280,2822,2552,2271,1991,1739,1619,1499,1379,1259,1139,1019,899,779,659,508,378,248,118,40,40,40,40,40,40,40,40,3
223,170,170,171,127,126,129,126,137,132,128,125,133,123,127,124,104,101,102,102,102,100,81,80,81,80,81,80,21
222,130,130,130,101,103,106,108,105,105,97,96,92,93,91,92,91,92,90,92,91,93,61,62,61,60,60,60,15
221,100,100,100,95,94,97,92,91,96,93,93,99,94,91,93,51,54,54,55,54,54,31,31,34,34,33,30,9
220,90,90,90,101,110,113,115,116,119,98,99,92,90,91,90,40,40,40,40,40,40,40,40,40,40,40,40,9
339,40,40,45,45,42,43,42,41,43,43,40,40,40,41,40,31,30,31,31,30,30,30,30,30,30,30,30,9
338,90,90,90,85,82,82,81,83,83,82,83,82,83,84,81,54,52,53,53,52,54,51,53,52,52,51,50,9
337,70,70,71,71,72,70,70,72,71,70,70,70,70,70,70,61,60,60,61,61,60,50,50,50,50,50,50,12
336,50,50,52,52,52,54,52,52,52,51,54,52,52,54,54,43,42,40,42,41,42,40,40,40,40,40,40,9
335,60,60,60,61,61,60,62,60,61,61,62,62,61,63,64,61,61,60,61,62,61,43,41,41,43,40,40,3
334,60,60,60,60,60,63,65,62,64,63,61,60,60,60,60,60,60,60,60,60,60,60,60,60,60,60,60,6
333,60,61,63,51,55,51,52,51,52,54,52,54,55,52,51,42,42,46,41,40,40,30,30,30,30,30,30,9
332,71,142,142,141,140,139,142,138,136,133,133,137,134,145,125,136,138,139,136,63,60,60,60,60,60,60,60,15
331,60,61,61,65,63,64,67,65,63,66,60,61,61,61,61,50,50,50,51,51,51,50,50,50,50,50,50,0
330,50,50,50,50,50,52,50,51,50,51,50,51,50,50,50,50,50,50,50,51,50,51,50,50,50,50,50,3
109,110,121,126,122,121,123,123,125,123,101,104,102,107,105,99,93,87,93,95,86,80,60,60,60,60,60,60,12
108,180,180,181,134,133,138,137,134,130,118,124,113,112,113,112,101,103,103,104,101,104,52,50,50,50,50,50,12
107,130,130,130,102,103,102,101,102,101,102,101,103,101,101,102,91,91,91,92,93,94,76,70,72,71,71,73,16
106,180,257,274,244,232,235,210,194,170,112,110,111,110,112,110,70,71,70,70,70,70,40,40,40,40,40,40,12
105,150,150,152,137,134,133,135,138,137,120,117,115,115,118,114,100,94,100,100,96,99,67,65,64,63,63,64,12
104,313,446,512,565,615,532,429,329,230,230,230,230,230,230,229,209,210,210,185,100,100,90,90,90,90,90,90,18
103,180,181,188,147,148,147,147,146,146,138,140,136,135,134,135,135,136,139,139,137,142,108,106,106,107,107,100,12
102,90,96,112,127,132,130,130,125,111,90,90,90,90,90,90,50,50,50,50,50,50,20,20,20,20,20,20,0
101,460,500,540,412,433,437,442,433,424,344,318,315,315,315,319,200,200,195,197,191,190,130,130,130,130,130,130,24
100,210,213,227,192,183,189,181,185,190,182,183,180,178,173,168,149,150,144,146,147,143,100,100,100,100,100,100,27
219,90,90,91,91,91,92,91,93,91,92,93,95,92,92,93,45,42,41,43,43,43,25,22,20,21,21,20,0
218,80,80,80,75,74,79,79,75,75,79,77,77,77,78,77,47,46,43,44,44,46,35,36,33,35,35,30,9
217,140,140,140,94,92,94,94,90,92,102,102,101,100,100,101,100,101,101,100,102,101,61,61,60,60,60,60,15
216,139,131,131,100,100,100,100,100,100,113,111,110,110,110,110,82,80,80,80,80,80,70,70,70,70,70,70,27
215,80,80,81,81,82,81,81,80,80,81,80,81,80,81,80,50,50,50,50,50,50,50,50,50,50,50,50,12
214,80,80,81,91,94,95,92,91,96,82,83,82,82,80,83,42,42,44,42,41,41,20,21,21,23,20,21,3
213,100,100,101,91,91,91,94,92,95,84,82,81,82,83,84,61,62,63,60,60,60,30,31,33,31,32,30,0
212,90,90,90,70,76,77,75,75,77,75,72,72,70,70,70,40,40,40,40,40,40,20,20,20,20,20,20,0
211,210,210,225,155,157,153,148,162,147,133,127,132,127,123,125,114,116,114,119,123,118,50,50,50,50,50,50,15
210,170,170,172,129,123,135,131,124,127,122,131,123,121,125,120,110,111,111,111,111,111,71,73,71,73,70,71,12
329,70,70,71,72,71,72,72,74,70,64,61,62,62,63,61,60,60,61,60,64,61,50,50,53,50,52,51,12
328,60,60,60,60,61,61,60,61,60,61,60,63,60,60,61,31,31,31,31,33,30,30,30,31,31,31,30,9
327,30,30,30,30,35,32,32,33,34,33,31,32,30,30,30,30,30,30,30,30,30,30,30,30,30,30,30,6
326,50,50,50,50,51,51,52,54,53,52,52,52,52,54,52,42,43,41,44,41,43,45,42,40,40,42,42,6
325,40,40,41,41,46,46,44,44,44,42,40,40,40,40,40,30,30,30,30,30,30,30,30,30,30,30,30,3
324,70,70,70,71,70,70,70,72,73,71,70,72,73,71,70,70,72,71,71,73,70,72,71,72,72,70,71,12
323,60,60,61,61,65,60,63,66,62,62,61,60,60,60,60,50,50,50,50,50,50,50,50,50,50,50,50,12
322,40,40,40,40,42,42,42,43,42,41,42,41,43,41,41,32,32,33,31,34,33,33,31,32,30,32,30,9
321,70,70,70,71,72,74,71,72,70,70,70,70,70,70,70,70,70,70,70,70,70,60,60,60,60,60,60,15
320,50,50,50,50,57,52,53,55,52,52,51,50,50,50,50,50,50,50,50,50,50,50,50,50,50,50,50,12
209,240,244,253,219,211,206,223,208,216,185,200,171,180,181,170,144,146,147,145,145,144,80,80,80,80,80,80,18
208,100,104,113,90,87,86,87,80,80,80,80,80,80,80,80,40,40,40,40,40,40,30,30,30,30,30,30,3
207,110,110,110,104,108,114,112,107,108,99,93,91,91,90,91,60,60,60,60,61,60,40,40,40,40,40,40,6
206,80,80,80,71,71,72,73,70,71,70,70,74,71,71,70,41,41,41,40,41,40,30,32,30,32,30,30,6
205,80,80,80,72,71,73,71,73,71,71,72,70,70,74,70,50,51,52,50,50,51,42,40,41,42,41,43,6
204,190,190,193,146,149,153,143,148,145,134,132,132,132,130,130,111,111,114,112,110,110,60,60,60,60,60,60,18
203,100,103,108,86,88,85,81,87,84,81,80,82,80,80,83,62,61,60,60,61,60,60,60,60,60,60,60,15
202,110,110,110,92,91,98,100,96,105,100,96,97,92,94,90,63,61,64,62,61,65,62,63,66,64,60,61,13
201,100,100,100,90,90,96,92,96,94,96,96,93,92,94,90,40,43,41,41,41,41,41,42,43,40,41,40,13
200,150,150,151,114,113,113,114,115,113,105,105,105,101,103,106,105,105,104,107,105,106,78,74,73,73,73,73,18
319,40,40,42,41,42,43,41,43,42,40,42,41,40,40,40,41,41,40,41,40,40,40,40,40,40,40,40,9
318,80,87,82,88,82,83,83,82,81,80,80,80,80,80,82,81,80,81,80,80,80,80,80,80,80,80,80,15
317,60,60,61,52,51,54,52,50,53,50,52,51,54,50,50,42,42,45,41,42,42,32,32,31,30,31,30,9
316,70,70,74,62,64,65,64,66,64,63,61,60,60,60,60,50,50,50,50,50,50,40,40,40,40,40,40,12
315,60,61,63,64,65,63,66,61,61,60,60,60,60,60,60,50,50,50,50,50,50,50,50,50,50,50,50,6
314,70,70,75,63,65,62,61,61,66,64,62,62,68,62,64,66,62,66,64,65,64,52,51,57,55,51,50,3
313,70,71,71,71,71,74,70,72,71,70,71,72,70,72,73,50,50,50,51,50,51,50,52,50,51,50,50,9
312,70,70,71,75,70,72,71,72,72,73,75,75,72,74,73,42,40,42,43,42,41,40,40,40,40,40,40,12
311,70,70,70,70,72,75,72,70,72,74,70,73,73,74,71,62,61,61,61,63,60,62,61,60,60,62,60,12
310,60,63,61,51,52,51,52,51,51,50,50,52,50,50,50,50,51,51,50,51,50,30,30,30,30,30,30,3
309,90,90,90,90,93,93,93,93,91,93,90,90,90,90,90,70,70,70,70,70,70,70,70,70,70,70,70,21
308,100,100,105,106,110,107,112,112,104,102,100,100,100,100,100,60,60,60,60,60,60,60,60,60,60,60,60,24
307,80,80,81,82,83,84,84,84,81,81,82,80,80,80,80,60,60,60,60,60,60,60,60,60,60,60,60,12
306,67,70,65,62,63,63,61,60,60,60,60,60,60,60,60,40,40,40,40,40,40,40,40,40,40,40,40,6
305,100,100,101,84,84,85,83,82,82,81,81,83,80,84,80,60,61,60,61,60,63,52,50,51,51,50,51,12
304,60,60,60,60,61,71,64,66,71,62,62,63,60,60,60,60,60,60,60,60,60,60,60,60,60,60,60,12
303,90,93,92,86,87,87,83,89,83,92,89,85,86,85,88,55,58,54,57,54,52,50,50,50,50,50,50,12
302,70,70,71,73,72,71,72,71,70,70,72,73,71,73,78,45,40,43,42,44,42,35,30,32,33,30,30,0
301,110,71,72,70,71,70,70,70,76,71,70,70,71,70,73,74,70,71,70,70,70,70,70,70,70,70,70,3
300,130,130,130,81,81,83,85,84,81,91,90,91,90,94,92,73,71,71,72,72,74,51,53,50,51,52,50,18
