id,Name,Cluster 
2,2,class 1
3,3,class 1
4,4,
5,5,class 1
6,6,
7,7,class 1
8,8,
9,9,
10,10,class 1
11,11,class 5
12,12,
13,13,class 1
14,14,
15,15,
16,16,
17,17,class 1
18,18,class 1
19,19,class 1
20,20,class 1
21,21,
22,22,
23,23,class 4
24,24,
25,25,
26,26,
27,27,
28,28,
29,29,
30,30,
31,31,
32,32,class 1
33,33,class 1
34,34,
35,35,
36,36,class 1
37,37,
38,38,
39,39,
40,40,
41,41,
42,42,
43,43,class 3
44,44,
45,45,class 1
46,46,class 1
47,47,
48,48,class 1
49,49,
50,50,class 1
51,51,
52,52,class 1
53,53,
54,54,
55,55,
56,56,
57,57,
58,58,
59,59,class 1
60,60,
61,61,
62,62,class 1
63,63,
64,64,
65,65,
66,66,class 1
67,67,class 4
68,68,class 1
69,69,class 1
70,70,class 1
71,71,class 1
72,72,class 1
73,73,class 1
74,74,class 1
75,75,class 1
76,76,class 1
77,77,class 1
78,78,class 1
79,79,class 1
80,80,class 1
81,81,class 1
82,82,
83,83,
84,84,class 1
85,85,class 1
86,86,class 1
87,87,class 1
88,88,class 1
89,89,class 1
90,90,
91,91,class 1
92,92,class 1
93,93,class 1
94,94,class 1
95,95,class 1
96,96,class 1
97,97,class 1
98,98,class 1
99,99,
100,100,
101,101,
102,102,
103,103,
104,104,class 1
105,105,
106,106,class 3
107,107,
108,108,
109,109,
110,110,
111,111,
112,112,
113,113,class 5
114,114,
115,115,
116,116,class 4
117,117,
118,118,class 1
119,119,class 1
120,120,class 3
121,121,
122,122,class 5
123,123,
124,124,
125,125,class 1
126,126,
127,127,class 1
128,128,class 6
129,129,
130,130,
131,131,
132,132,
133,133,class 1
134,134,class 1
135,135,
136,136,
137,137,
138,138,
139,139,class 1
140,140,class 1
141,141,
142,142,
143,143,
144,144,
145,145,class 1
146,146,
147,147,class 1
148,148,
149,149,
150,150,class 1
151,151,class 1
152,152,class 1
153,153,
154,154,
155,155,class 1
156,156,
157,157,
158,158,class 6
159,159,class 1
160,160,class 1
161,161,class 1
162,162,class 1
163,163,class 3
164,164,
165,165,
166,166,class 1
167,167,class 1
168,168,
169,169,
170,170,class 1
171,171,
172,172,
173,173,
174,174,class 1
175,175,class 1
176,176,class 1
177,177,class 1
178,178,class 1
179,179,class 1
180,180,class 1
181,181,class 1
182,182,class 3
183,183,
184,184,
185,185,
186,186,
187,187,
188,188,class 1
189,189,class 1
190,190,
191,191,
192,192,
193,193,
194,194,class 1
195,195,
196,196,class 1
197,197,
198,198,class 1
199,199,class 1
200,200,class 1
201,201,
202,202,class 1
203,203,class 1
204,204,class 1
205,205,
206,206,
207,207,
208,208,class 3
209,209,class 1
210,210,class 1
211,211,
212,212,class 1
213,213,class 6
214,214,class 1
215,215,class 1
216,216,class 1
217,217,
218,218,
219,219,class 1
220,220,class 1
221,221,class 1
222,222,class 1
223,223,class 1
224,224,
225,225,
226,226,class 1
227,227,class 1
228,228,class 1
229,229,class 1
230,230,
231,231,class 1
232,232,class 1
233,233,
234,234,class 1
235,235,class 1
236,236,class 1
237,237,class 1
238,238,class 1
239,239,class 1
240,240,
241,241,class 1
242,242,
243,243,
244,244,class 1
245,245,
246,246,
247,247,
248,248,class 2
249,249,class 1
250,250,class 1
251,251,class 1
252,252,class 1
253,253,class 1
254,254,class 1
255,255,class 1
256,256,
257,257,class 1
258,258,class 1
259,259,class 1
260,260,
261,261,
262,262,class 4
263,263,class 1
264,264,
265,265,
266,266,class 1
267,267,class 3
268,268,
269,269,class 1
270,270,
271,271,
272,272,class 1
273,273,class 1
274,274,
275,275,class 1
276,276,class 1
277,277,
278,278,
279,279,
280,280,class 1
281,281,class 3
282,282,class 3
283,283,
284,284,
285,285,
286,286,
287,287,class 4
288,288,
289,289,class 1
290,290,class 1
291,291,
292,292,class 1
293,293,
294,294,
295,295,class 1
296,296,class 1
297,297,
298,298,
299,299,class 1
300,300,
301,301,
302,302,
303,303,class 1
304,304,
305,305,
306,306,class 1
307,307,class 1
308,308,
309,309,
310,310,
311,311,class 1
312,312,class 1
313,313,class 1
314,314,class 1
315,315,class 1
316,316,class 1
317,317,class 1
318,318,class 1
319,319,
320,320,
321,321,
322,322,class 1
323,323,
324,324,
325,325,
326,326,
327,327,class 2
328,328,class 3
329,329,class 1
330,330,class 1
331,331,class 1
332,332,
333,333,class 1
334,334,
335,335,class 3
336,336,class 1
337,337,
338,338,
339,339,
340,340,class 3
341,341,
342,342,
343,343,class 1
344,344,
345,345,
346,346,class 1
347,347,class 1
348,348,class 1
349,349,class 1
350,350,class 1
351,351,
352,352,
353,353,
354,354,class 1
355,355,
356,356,
357,357,class 1
358,358,class 1
359,359,class 1
360,360,class 1
361,361,class 1
362,362,
363,363,class 1
364,364,
365,365,class 1
366,366,
367,367,
368,368,
369,369,
370,370,class 1
371,371,class 6
372,372,
373,373,
374,374,class 1
375,375,
376,376,class 4
377,377,
378,378,
379,379,class 3
380,380,
381,381,class 1
382,382,
383,383,class 1
384,384,
385,385,class 5
386,386,class 5
387,387,
388,388,
389,389,
390,390,class 3
391,391,
392,392,class 1
393,393,
394,394,
395,395,
396,396,
397,397,
398,398,
399,399,
400,400,
401,401,class 5
402,402,
403,403,
404,404,
405,405,
406,406,
407,407,
408,408,
409,409,
410,410,class 1
411,411,class 1
412,412,
413,413,
414,414,class 1
415,415,
416,416,class 1
417,417,class 1
418,418,class 1
419,419,
420,420,
421,421,
422,422,
423,423,class 1
424,424,class 3
425,425,
426,426,class 1
427,427,class 1
428,428,
429,429,class 3
430,430,
431,431,class 1
432,432,class 1
433,433,class 1
434,434,
435,435,
436,436,class 1
437,437,
438,438,class 1
439,439,class 1
440,440,
441,441,
442,442,
443,443,class 1
444,444,class 1
445,445,class 1
446,446,
447,447,class 1
448,448,class 1
449,449,
450,450,
451,451,class 1
452,452,class 3
453,453,class 1
454,454,
455,455,class 1
456,456,
457,457,
458,458,class 1
459,459,class 1
460,460,class 1
461,461,class 1
462,462,
463,463,
464,464,
465,465,class 3
466,466,class 1
467,467,
468,468,
469,469,
470,470,class 1
471,471,
472,472,
473,473,class 1
474,474,class 1
475,475,
476,476,
477,477,
478,478,
479,479,
480,480,
481,481,
482,482,
483,483,
484,484,
485,485,class 4
486,486,class 2
487,487,
488,488,
489,489,class 1
490,490,
491,491,
492,492,
493,493,class 1
494,494,class 1
495,495,
496,496,class 1
497,497,
498,498,class 1
499,499,class 1
500,500,
501,501,
502,502,
503,503,
504,504,
505,505,
506,506,
507,507,
508,508,class 1
509,509,
510,510,class 1
511,511,class 1
512,512,class 1
513,513,class 1
514,514,class 1
515,515,class 1
516,516,
517,517,class 1
518,518,class 1
519,519,
520,520,class 1
521,521,class 1
522,522,class 3
523,523,class 3
524,524,class 1
525,525,
526,526,class 1
527,527,
528,528,
529,529,
530,530,
531,531,
532,532,class 1
533,533,
534,534,
535,535,
536,536,class 1
537,537,class 1
538,538,
539,539,
540,540,
541,541,
542,542,
543,543,class 1
544,544,class 1
545,545,class 1
546,546,class 1
547,547,class 1
548,548,
549,549,
550,550,class 1
551,551,
552,552,
553,553,class 1
554,554,class 1
555,555,
556,556,class 2
557,557,class 3
558,558,class 3
559,559,class 1
560,560,class 1
561,561,
562,562,class 3
563,563,
564,564,class 1
565,565,class 1
566,566,class 1
567,567,
568,568,
569,569,class 5
570,570,class 1
571,571,class 1
572,572,
573,573,
574,574,
575,575,class 1
576,576,
577,577,
578,578,
579,579,
580,580,class 1
581,581,class 1
582,582,
583,583,class 1
584,584,
585,585,
586,586,class 1
587,587,
588,588,
589,589,
590,590,
591,591,
592,592,
593,593,
594,594,
595,595,
596,596,
597,597,
598,598,
599,599,
600,600,
601,601,class 1
602,602,class 1
603,603,class 1
604,604,class 1
605,605,class 1
606,606,
607,607,
608,608,class 1
609,609,class 1
610,610,class 2
611,611,
612,612,
613,613,
614,614,class 1
615,615,
616,616,
617,617,class 1
618,618,class 1
619,619,
620,620,class 1
621,621,
622,622,
623,623,
624,624,
625,625,class 1
626,626,
627,627,
628,628,
629,629,
630,630,
631,631,
632,632,class 1
633,633,
634,634,
635,635,
636,636,class 1
637,637,class 1
638,638,
639,639,
640,640,
641,641,
642,642,
643,643,class 1
644,644,
645,645,
646,646,
647,647,
648,648,
649,649,
650,650,
651,651,
652,652,class 1
653,653,class 1
654,654,class 1
655,655,class 1
656,656,class 1
657,657,
658,658,class 1
659,659,class 1
660,660,
661,661,class 1
662,662,class 1
663,663,
664,664,
665,665,class 1
666,666,class 1
667,667,class 1
668,668,class 1
669,669,
670,670,class 1
671,671,class 1
672,672,class 1
673,673,class 1
674,674,class 1
675,675,class 1
676,676,class 1
677,677,
678,678,
679,679,
680,680,
681,681,class 1
682,682,class 1
683,683,class 1
684,684,
685,685,class 1
686,686,
687,687,class 1
688,688,class 4
689,689,class 4
690,690,
691,691,class 3
692,692,class 3
693,693,
694,694,
695,695,
696,696,
697,697,class 3
698,698,
699,699,
700,700,
701,701,class 1
702,702,class 1
703,703,class 4
704,704,class 1
705,705,class 1
706,706,class 1
707,707,
708,708,
709,709,
710,710,class 1
711,711,class 1
712,712,class 1
713,713,
714,714,
715,715,
716,716,class 1
717,717,class 1
718,718,class 1
719,719,class 1
720,720,class 1
721,721,
722,722,class 1
723,723,class 1
724,724,class 4
725,725,class 1
726,726,class 1
727,727,
728,728,class 1
729,729,class 1
730,730,
731,731,
732,732,class 1
733,733,class 1
734,734,
735,735,class 1
736,736,
737,737,
738,738,
739,739,
740,740,
741,741,
742,742,class 1
743,743,
744,744,
745,745,
746,746,
747,747,class 1
748,748,class 1
749,749,class 1
750,750,class 1
751,751,
752,752,
753,753,class 1
754,754,
755,755,class 2
756,756,class 2
757,757,class 1
758,758,class 1
759,759,
760,760,class 1
761,761,
762,762,class 1
763,763,class 1
764,764,
765,765,
766,766,class 1
767,767,
768,768,
769,769,
770,770,
771,771,
772,772,
773,773,
774,774,class 1
775,775,class 1
776,776,
777,777,
778,778,
779,779,class 6
780,780,class 1
781,781,class 1
782,782,class 1
783,783,class 1
784,784,class 1
785,785,
786,786,
787,787,
788,788,class 1
789,789,
790,790,class 1
791,791,
792,792,
793,793,class 1
794,794,class 1
795,795,
796,796,
797,797,
798,798,
799,799,
800,800,
801,801,class 1
802,802,class 1
803,803,class 1
804,804,
805,805,
806,806,
807,807,
808,808,class 1
809,809,class 1
810,810,class 1
811,811,
812,812,class 1
813,813,
814,814,class 1
815,815,class 1
816,816,class 1
817,817,class 1
818,818,class 1
819,819,
820,820,class 1
821,821,
822,822,class 1
823,823,class 1
824,824,
825,825,class 5
826,826,class 1
827,827,class 1
828,828,class 1
829,829,
830,830,
831,831,
832,832,class 1
833,833,class 1
834,834,class 1
835,835,
836,836,
837,837,
838,838,
839,839,
840,840,
841,841,class 5
842,842,class 3
843,843,class 1
844,844,
845,845,class 1
846,846,class 1
847,847,class 1
848,848,
849,849,
850,850,class 1
851,851,class 1
852,852,class 1
853,853,class 1
854,854,
855,855,
856,856,class 1
857,857,class 1
858,858,class 1
859,859,class 1
860,860,class 1
861,861,class 1
862,862,
863,863,class 1
864,864,class 1
865,865,class 1
866,866,
867,867,
868,868,class 1
869,869,
870,870,class 1
871,871,class 1
872,872,class 1
873,873,
874,874,class 1
875,875,class 1
876,876,
877,877,class 1
878,878,class 1
879,879,class 1
880,880,
881,881,
882,882,
883,883,class 6
884,884,class 1
885,885,
886,886,class 1
887,887,class 1
888,888,
889,889,
890,890,
891,891,
892,892,class 1
893,893,class 1
894,894,class 1
895,895,class 1
896,896,class 1
897,897,class 1
898,898,class 1
899,899,class 1
900,900,class 1
901,901,
902,902,
903,903,class 1
904,904,class 1
905,905,class 1
906,906,
907,907,class 1
908,908,class 1
909,909,class 4
910,910,
911,911,
912,912,class 1
913,913,class 1
914,914,class 1
915,915,class 1
916,916,class 1
917,917,
918,918,
919,919,
920,920,class 1
921,921,
922,922,
923,923,
924,924,
925,925,class 1
926,926,
927,927,
928,928,class 1
929,929,class 1
930,930,class 1
931,931,
932,932,
933,933,
934,934,class 1
935,935,
936,936,class 1
937,937,class 1
938,938,class 1
939,939,class 1
940,940,
941,941,
942,942,
943,943,class 1
944,944,class 1
945,945,class 1
946,946,class 1
947,947,class 1
948,948,class 1
949,949,class 1
950,950,
951,951,
952,952,
953,953,
954,954,
955,955,class 1
956,956,
957,957,
958,958,
959,959,
960,960,class 1
961,961,
962,962,
963,963,
964,964,
965,965,
966,966,
967,967,
968,968,
969,969,
970,970,
971,971,class 3
972,972,class 1
973,973,
974,974,
975,975,
976,976,
977,977,
978,978,
979,979,class 1
980,980,class 6
981,981,class 1
982,982,class 2
983,983,class 4
984,984,class 1
985,985,class 1
986,986,class 5
987,987,class 5
988,988,class 1
989,989,class 1
990,990,
991,991,
992,992,
993,993,class 1
994,994,class 1
995,995,
996,996,class 1
997,997,class 1
998,998,class 1
999,999,class 1
1000,1000,
1001,1001,
1002,1002,
1003,1003,
1004,1004,
1005,1005,
1006,1006,class 1
1007,1007,
1008,1008,class 1
1009,1009,class 1
1010,1010,
1011,1011,class 1
1012,1012,class 1
1013,1013,
1014,1014,
1015,1015,class 1
1016,1016,
1017,1017,
1018,1018,
1019,1019,
1020,1020,
1021,1021,
1022,1022,
1023,1023,
1024,1024,
1025,1025,
1026,1026,
1027,1027,
1028,1028,class 1
1029,1029,class 2
1030,1030,class 2
1031,1031,
1032,1032,
1033,1033,
1034,1034,
1035,1035,
1036,1036,
1037,1037,
1038,1038,
1039,1039,
1040,1040,class 1
1041,1041,class 1
1042,1042,
1043,1043,
1044,1044,
1045,1045,
1046,1046,
1047,1047,class 1
1048,1048,
1049,1049,class 3
1050,1050,class 1
1051,1051,class 1
1052,1052,class 2
1053,1053,
1054,1054,class 1
1055,1055,class 1
1056,1056,
1057,1057,
1058,1058,
1059,1059,class 1
1060,1060,class 1
1061,1061,class 1
1062,1062,class 1
1063,1063,
1064,1064,
1065,1065,
1066,1066,class 1
1067,1067,class 1
1068,1068,class 1
1069,1069,
1070,1070,
1071,1071,class 3
1072,1072,
1073,1073,class 3
1074,1074,
1075,1075,
1076,1076,
1077,1077,
1078,1078,
1079,1079,
1080,1080,class 1
1081,1081,class 6
1082,1082,class 1
1083,1083,
1084,1084,class 1
1085,1085,class 4
1086,1086,class 1
1087,1087,
1088,1088,
1089,1089,
1090,1090,class 1
1091,1091,
1092,1092,class 3
1093,1093,class 3
1094,1094,class 3
1095,1095,
1096,1096,class 3
1097,1097,class 3
1098,1098,
1099,1099,class 1
1100,1100,
1101,1101,
1102,1102,
1103,1103,
1104,1104,class 1
1105,1105,class 1
1106,1106,
1107,1107,class 1
1108,1108,class 1
1109,1109,class 1
1110,1110,class 5
1111,1111,class 5
1112,1112,
1113,1113,class 1
1114,1114,class 1
1115,1115,class 1
1116,1116,class 1
1117,1117,class 1
1118,1118,class 1
1119,1119,
1120,1120,class 4
1121,1121,
1122,1122,
1123,1123,class 1
1124,1124,
1125,1125,
1126,1126,
1127,1127,
1128,1128,
1129,1129,class 1
1130,1130,
1131,1131,
1132,1132,
1133,1133,
1134,1134,class 1
1135,1135,class 5
1136,1136,class 1
1137,1137,class 1
1138,1138,class 1
1139,1139,
1140,1140,class 3
1141,1141,
1142,1142,
1143,1143,
1144,1144,class 5
1145,1145,
1146,1146,
1147,1147,
1148,1148,
1149,1149,
1150,1150,
1151,1151,
1152,1152,
1153,1153,
1154,1154,
1155,1155,
1156,1156,class 1
1157,1157,class 1
1158,1158,
1159,1159,
1160,1160,class 1
1161,1161,
1162,1162,
1163,1163,class 1
1164,1164,
1165,1165,class 1
1166,1166,class 3
1167,1167,
1168,1168,
1169,1169,class 1
1170,1170,class 1
1171,1171,class 1
1172,1172,class 1
1173,1173,
1174,1174,class 1
1175,1175,class 1
1176,1176,class 1
1177,1177,class 2
1178,1178,class 1
1179,1179,class 1
1180,1180,class 1
1181,1181,
1182,1182,
1183,1183,
1184,1184,class 1
1185,1185,
1186,1186,class 5
1187,1187,class 1
1188,1188,class 1
1189,1189,class 3
1190,1190,class 3
1191,1191,class 1
1192,1192,class 3
1193,1193,class 1
1194,1194,class 1
1195,1195,
1196,1196,
1197,1197,
1198,1198,
1199,1199,
1200,1200,class 1
1201,1201,
1202,1202,class 1
1203,1203,class 1
1204,1204,class 1
1205,1205,class 1
1206,1206,class 1
1207,1207,
1208,1208,
1209,1209,class 1
1210,1210,class 1
1211,1211,class 1
1212,1212,class 1
1213,1213,
1214,1214,class 1
1215,1215,
1216,1216,class 1
1217,1217,
1218,1218,
1219,1219,class 1
1220,1220,class 1
1221,1221,class 1
1222,1222,
1223,1223,
1224,1224,
1225,1225,class 1
1226,1226,
1227,1227,class 1
1228,1228,class 1
1229,1229,
1230,1230,class 6
1231,1231,class 1
1232,1232,class 1
1233,1233,class 1
1234,1234,
1235,1235,
1236,1236,class 5
1237,1237,
1238,1238,
1239,1239,class 1
1240,1240,class 1
1241,1241,class 1
1242,1242,class 1
1243,1243,class 1
1244,1244,class 2
1245,1245,
1246,1246,
1247,1247,
1248,1248,
1249,1249,class 1
1250,1250,class 1
1251,1251,class 1
1252,1252,
1253,1253,
1254,1254,
1255,1255,class 1
1256,1256,class 1
1257,1257,class 4
1258,1258,class 4
1259,1259,class 1
1260,1260,class 1
1261,1261,
1262,1262,class 1
1263,1263,
1264,1264,class 1
1265,1265,class 1
1266,1266,class 1
1267,1267,class 1
1268,1268,class 1
1269,1269,class 1
1270,1270,class 1
1271,1271,
1272,1272,class 1
1273,1273,class 4
1274,1274,class 1
1275,1275,class 1
1276,1276,class 1
1277,1277,class 1
1278,1278,class 1
1279,1279,class 1
1280,1280,class 1
1281,1281,
1282,1282,
1283,1283,class 1
1284,1284,
1285,1285,
1286,1286,
1287,1287,class 1
1288,1288,class 1
1289,1289,class 1
1290,1290,class 1
1291,1291,
1292,1292,
1293,1293,class 1
1294,1294,class 1
1295,1295,
1296,1296,
1297,1297,
1298,1298,
1299,1299,class 1
1300,1300,class 1
1301,1301,class 1
1302,1302,class 1
1303,1303,class 1
1304,1304,
1305,1305,
1306,1306,
1307,1307,class 1
1308,1308,
1309,1309,class 1
1310,1310,class 1
1311,1311,
1312,1312,
1313,1313,
1314,1314,
1315,1315,
1316,1316,class 1
1317,1317,class 1
1318,1318,class 1
1319,1319,
1320,1320,class 1
1321,1321,class 1
1322,1322,
1323,1323,
1324,1324,
1325,1325,class 1
1326,1326,
1327,1327,class 1
1328,1328,class 1
1329,1329,class 1
1330,1330,class 1
1331,1331,
1332,1332,
1333,1333,class 1
1334,1334,class 1
1335,1335,class 1
1336,1336,class 1
1337,1337,
1338,1338,class 1
1339,1339,class 3
1340,1340,class 3
1341,1341,class 1
1342,1342,class 4
1343,1343,
1344,1344,
1345,1345,
1346,1346,class 1
1347,1347,class 1
1348,1348,class 1
1349,1349,class 1
1350,1350,class 1
1351,1351,class 1
1352,1352,
1353,1353,class 1
1354,1354,class 1
1355,1355,class 1
1356,1356,
1357,1357,
1358,1358,
1359,1359,class 1
1360,1360,class 1
1361,1361,class 1
1362,1362,
1363,1363,
1364,1364,
1365,1365,
1366,1366,
1367,1367,class 1
1368,1368,class 1
1369,1369,
1370,1370,
1371,1371,
1372,1372,
1373,1373,class 1
1374,1374,
1375,1375,
1376,1376,
1377,1377,
1378,1378,class 1
1379,1379,
1380,1380,class 3
1381,1381,
1382,1382,
1383,1383,
1384,1384,
1385,1385,
1386,1386,class 1
1387,1387,class 1
1388,1388,class 3
1389,1389,class 1
1390,1390,class 1
1391,1391,class 1
1392,1392,
1393,1393,class 1
1394,1394,
1395,1395,
1396,1396,
1397,1397,class 1
1398,1398,class 1
1399,1399,
1400,1400,
1401,1401,
1402,1402,
1403,1403,
1404,1404,
1405,1405,
1406,1406,
1407,1407,
1408,1408,
1409,1409,class 1
1410,1410,class 1
1411,1411,class 1
1412,1412,class 1
1413,1413,class 1
1414,1414,class 1
1415,1415,
1416,1416,class 1
1417,1417,class 1
1418,1418,
1419,1419,
1420,1420,
1421,1421,class 1
1422,1422,class 1
1423,1423,
1424,1424,
1425,1425,class 1
1426,1426,
1427,1427,
1428,1428,
1429,1429,
1430,1430,
1431,1431,
1432,1432,class 4
1433,1433,class 1
1434,1434,
1435,1435,
1436,1436,class 1
1437,1437,class 1
1438,1438,
1439,1439,
1440,1440,class 3
1441,1441,class 1
1442,1442,class 1
1443,1443,
1444,1444,
1445,1445,
1446,1446,
1447,1447,class 5
1448,1448,class 5
1449,1449,
1450,1450,
1451,1451,class 3
1452,1452,class 3
1453,1453,
1454,1454,
1455,1455,class 1
1456,1456,class 2
1457,1457,
1458,1458,
1459,1459,
1460,1460,
1461,1461,
1462,1462,class 1
1463,1463,class 1
1464,1464,class 1
1465,1465,
1466,1466,
1467,1467,
1468,1468,class 1
1469,1469,class 1
1470,1470,class 1
1471,1471,
1472,1472,
1473,1473,class 1
1474,1474,
1475,1475,
1476,1476,
1477,1477,class 1
1478,1478,class 1
1479,1479,class 1
1480,1480,class 4
1481,1481,class 1
1482,1482,class 1
1483,1483,class 1
1484,1484,class 1
1485,1485,class 1
1486,1486,class 1
1487,1487,class 1
1488,1488,class 1
1489,1489,
1490,1490,
1491,1491,class 6
1492,1492,class 1
1493,1493,
1494,1494,
1495,1495,class 1
1496,1496,
1497,1497,
1498,1498,class 1
1499,1499,class 1
1500,1500,class 1
1501,1501,class 3
1502,1502,
1503,1503,class 1
1504,1504,class 1
1505,1505,
1506,1506,
1507,1507,class 1
1508,1508,
1509,1509,
1510,1510,class 1
1511,1511,class 1
1512,1512,
1513,1513,
1514,1514,class 1
1515,1515,class 1
1516,1516,class 1
1517,1517,class 1
1518,1518,
1519,1519,class 1
1520,1520,
1521,1521,class 1
1522,1522,class 1
1523,1523,class 1
1524,1524,class 1
1525,1525,class 1
1526,1526,class 1
1527,1527,class 1
1528,1528,
1529,1529,
1530,1530,
1531,1531,
1532,1532,
1533,1533,class 1
1534,1534,class 1
1535,1535,
1536,1536,
1537,1537,class 1
1538,1538,class 1
1539,1539,class 1
1540,1540,class 1
1541,1541,
1542,1542,
1543,1543,class 1
1544,1544,class 1
1545,1545,class 1
1546,1546,
1547,1547,
1548,1548,
1549,1549,
1550,1550,class 1
1551,1551,
1552,1552,
1553,1553,
1554,1554,
1555,1555,class 1
1556,1556,
1557,1557,
1558,1558,
1559,1559,class 1
1560,1560,class 1
1561,1561,
1562,1562,
1563,1563,
1564,1564,class 3
1565,1565,class 3
1566,1566,class 3
1567,1567,class 3
1568,1568,class 1
1569,1569,class 1
1570,1570,
1571,1571,class 1
1572,1572,
1573,1573,
1574,1574,
1575,1575,class 4
1576,1576,class 4
1577,1577,class 4
1578,1578,class 4
1579,1579,class 4
1580,1580,
1581,1581,class 1
1582,1582,class 1
1583,1583,class 1
1584,1584,
1585,1585,
1586,1586,
1587,1587,
1588,1588,
1589,1589,
1590,1590,
1591,1591,
1592,1592,
1593,1593,
1594,1594,
1595,1595,
1596,1596,
1597,1597,
1598,1598,
1599,1599,
1600,1600,
1601,1601,
1602,1602,
1603,1603,
1604,1604,
1605,1605,
1606,1606,
1607,1607,
1608,1608,
1609,1609,
1610,1610,
1611,1611,
1612,1612,
1613,1613,
1614,1614,class 1
1615,1615,
1616,1616,
1617,1617,
1618,1618,
1619,1619,
1620,1620,
1621,1621,
1622,1622,
1623,1623,
1624,1624,
1625,1625,
1626,1626,
1627,1627,
1628,1628,
1629,1629,
1630,1630,
1631,1631,
1632,1632,
1633,1633,
1634,1634,
1635,1635,
1636,1636,class 1
1637,1637,class 1
1638,1638,class 1
1639,1639,class 1
1640,1640,
1641,1641,
1642,1642,
1643,1643,
1644,1644,
1645,1645,class 1
1646,1646,class 1
1647,1647,class 1
1648,1648,
1649,1649,class 1
1650,1650,class 1
1651,1651,
1652,1652,class 1
1653,1653,
1654,1654,class 1
1655,1655,
1656,1656,
1657,1657,
1658,1658,
1659,1659,
1660,1660,
1661,1661,
1662,1662,
1663,1663,
1664,1664,class 1
1665,1665,class 1
1666,1666,class 1
1667,1667,class 1
1668,1668,class 1
1669,1669,class 1
1670,1670,class 1
1671,1671,class 1
1672,1672,class 1
1673,1673,class 1
1674,1674,
1675,1675,class 1
1676,1676,class 1
1677,1677,class 1
1678,1678,class 3
1679,1679,
1680,1680,
1681,1681,class 1
1682,1682,
1683,1683,
1684,1684,
1685,1685,
1686,1686,
1687,1687,
1688,1688,class 1
1689,1689,
1690,1690,
1691,1691,
1692,1692,
1693,1693,
1694,1694,class 1
1695,1695,class 1
1696,1696,class 1
1697,1697,
1698,1698,
1699,1699,class 6
1700,1700,class 1
1701,1701,class 1
1702,1702,
1703,1703,class 1
1704,1704,
1705,1705,class 1
1706,1706,
1707,1707,
1708,1708,class 1
1709,1709,class 1
1710,1710,class 1
1711,1711,
1712,1712,
1713,1713,
1714,1714,
1715,1715,class 1
1716,1716,class 1
1717,1717,class 1
1718,1718,class 1
1719,1719,class 3
1720,1720,class 1
1721,1721,class 1
1722,1722,
1723,1723,
1724,1724,class 1
1725,1725,class 1
1726,1726,
1727,1727,
1728,1728,
1729,1729,
1730,1730,
1731,1731,
1732,1732,class 1
1733,1733,class 1
1734,1734,
1735,1735,class 1
1736,1736,class 1
1737,1737,
1738,1738,
1739,1739,
1740,1740,class 1
1741,1741,
1742,1742,class 4
1743,1743,class 1
1744,1744,class 1
1745,1745,class 1
1746,1746,class 1
1747,1747,class 1
1748,1748,class 1
1749,1749,
1750,1750,class 1
1751,1751,
1752,1752,class 4
1753,1753,class 4
1754,1754,
1755,1755,
1756,1756,class 1
1757,1757,
1758,1758,
1759,1759,class 1
1760,1760,
1761,1761,class 1
1762,1762,class 1
1763,1763,class 1
1764,1764,class 1
1765,1765,class 1
1766,1766,class 1
1767,1767,
1768,1768,class 1
1769,1769,class 1
1770,1770,
1771,1771,class 1
1772,1772,class 1
1773,1773,class 1
1774,1774,class 1
1775,1775,class 1
1776,1776,class 1
1777,1777,class 1
1778,1778,class 1
1779,1779,class 1
1780,1780,class 1
1781,1781,class 3
1782,1782,
1783,1783,class 1
1784,1784,
1785,1785,class 1
1786,1786,
1787,1787,class 1
1788,1788,class 3
1789,1789,
1790,1790,
1791,1791,class 1
1792,1792,
1793,1793,class 3
1794,1794,class 5
1795,1795,class 1
1796,1796,class 1
1797,1797,class 1
1798,1798,
1799,1799,class 1
1800,1800,class 1
1801,1801,
1802,1802,class 1
1803,1803,class 1
1804,1804,class 1
1805,1805,class 1
1806,1806,class 1
1807,1807,
1808,1808,class 1
1809,1809,class 1
1810,1810,class 1
1811,1811,class 1
1812,1812,
1813,1813,class 1
1814,1814,
1815,1815,class 1
1816,1816,
1817,1817,
1818,1818,
1819,1819,
1820,1820,
1821,1821,
1822,1822,
1823,1823,
1824,1824,
1825,1825,
1826,1826,
1827,1827,
1828,1828,
1829,1829,
1830,1830,class 4
1831,1831,class 4
1832,1832,class 4
1833,1833,class 1
1834,1834,class 1
1835,1835,
1836,1836,
1837,1837,
1838,1838,
1839,1839,
1840,1840,
1841,1841,
1842,1842,class 1
1843,1843,class 1
1844,1844,class 1
1845,1845,class 1
1846,1846,class 1
1847,1847,class 4
1848,1848,
1849,1849,class 1
1850,1850,class 1
1851,1851,class 1
1852,1852,class 1
1853,1853,class 5
1854,1854,
1855,1855,
1856,1856,class 1
1857,1857,class 5
1858,1858,
1859,1859,
1860,1860,
1861,1861,class 1
1862,1862,class 1
1863,1863,class 1
1864,1864,class 1
1865,1865,class 1
1866,1866,class 1
1867,1867,class 1
1868,1868,class 1
1869,1869,
1870,1870,
1871,1871,
1872,1872,
1873,1873,class 1
1874,1874,class 1
1875,1875,
1876,1876,
1877,1877,
1878,1878,class 1
1879,1879,
1880,1880,
1881,1881,
1882,1882,
1883,1883,class 1
1884,1884,
1885,1885,class 1
1886,1886,class 1
1887,1887,class 1
1888,1888,
1889,1889,class 1
1890,1890,class 1
1891,1891,
1892,1892,
1893,1893,
1894,1894,
1895,1895,class 1
1896,1896,class 1
1897,1897,
1898,1898,
1899,1899,
1900,1900,
1901,1901,
1902,1902,
1903,1903,
1904,1904,
1905,1905,
1906,1906,
1907,1907,class 1
1908,1908,class 1
1909,1909,class 1
1910,1910,
1911,1911,
1912,1912,
1913,1913,
1914,1914,class 1
1915,1915,class 1
1916,1916,class 1
1917,1917,class 1
1918,1918,
1919,1919,
1920,1920,class 1
1921,1921,class 1
1922,1922,class 1
1923,1923,
1924,1924,
1925,1925,
1926,1926,
1927,1927,
1928,1928,class 1
1929,1929,class 1
1930,1930,class 1
1931,1931,
1932,1932,
1933,1933,
1934,1934,
1935,1935,class 1
1936,1936,class 1
1937,1937,class 1
1938,1938,class 1
1939,1939,class 1
1940,1940,class 1
1941,1941,
1942,1942,class 1
1943,1943,class 1
1944,1944,class 1
1945,1945,
1946,1946,
1947,1947,
1948,1948,
1949,1949,
1950,1950,class 1
1951,1951,class 1
1952,1952,
1953,1953,class 1
1954,1954,class 1
1955,1955,class 1
1956,1956,class 1
1957,1957,class 1
1958,1958,class 1
1959,1959,class 1
1960,1960,class 1
1961,1961,class 1
1962,1962,class 1
1963,1963,class 1
1964,1964,class 3
1965,1965,class 3
1966,1966,class 1
1967,1967,
1968,1968,
1969,1969,
1970,1970,
1971,1971,
1972,1972,
1973,1973,
1974,1974,
1975,1975,class 1
1976,1976,
1977,1977,
1978,1978,
1979,1979,class 1
1980,1980,class 1
1981,1981,class 3
1982,1982,class 1
1983,1983,class 1
1984,1984,class 1
1985,1985,class 1
1986,1986,class 5
1987,1987,class 1
1988,1988,class 2
1989,1989,class 2
1990,1990,
1991,1991,class 1
1992,1992,class 1
1993,1993,class 1
1994,1994,class 1
1995,1995,class 1
1996,1996,class 1
1997,1997,class 1
1998,1998,class 1
1999,1999,
2000,2000,class 1
2001,2001,class 1
2002,2002,class 1
2003,2003,
2004,2004,class 1
2005,2005,class 1
2006,2006,
2007,2007,class 1
2008,2008,
2009,2009,class 1
2010,2010,
2011,2011,
2012,2012,
2013,2013,
2014,2014,
2015,2015,
2016,2016,class 1
2017,2017,class 5
2018,2018,
2019,2019,
2020,2020,class 1
2021,2021,class 1
2022,2022,
2023,2023,
2024,2024,
2025,2025,
2026,2026,
2027,2027,
2028,2028,
2029,2029,
2030,2030,
2031,2031,
2032,2032,
2033,2033,class 1
2034,2034,
2035,2035,class 1
2036,2036,class 1
2037,2037,class 1
2038,2038,
2039,2039,
2040,2040,class 1
2041,2041,
2042,2042,class 1
2043,2043,
2044,2044,
2045,2045,class 1
2046,2046,
2047,2047,
2048,2048,
2049,2049,class 1
2050,2050,class 1
2051,2051,
2052,2052,
2053,2053,class 1
2054,2054,
2055,2055,
2056,2056,class 1
2057,2057,class 1
2058,2058,
2059,2059,class 1
2060,2060,class 1
2061,2061,
2062,2062,class 1
2063,2063,
2064,2064,class 1
2065,2065,class 1
2066,2066,
2067,2067,class 1
2068,2068,class 1
2069,2069,class 1
2070,2070,class 1
2071,2071,class 1
2072,2072,class 1
2073,2073,class 1
2074,2074,class 1
2075,2075,class 1
2076,2076,class 1
2077,2077,class 1
2078,2078,class 1
2079,2079,
2080,2080,class 1
2081,2081,
2082,2082,class 6
2083,2083,class 1
2084,2084,
2085,2085,
2086,2086,class 3
2087,2087,class 1
2088,2088,
2089,2089,
2090,2090,
2091,2091,
2092,2092,
2093,2093,class 1
2094,2094,
2095,2095,
2096,2096,class 4
2097,2097,
2098,2098,
2099,2099,
2100,2100,class 1
2101,2101,
2102,2102,class 1
2103,2103,
2104,2104,
2105,2105,
2106,2106,
2107,2107,
2108,2108,class 1
2109,2109,
2110,2110,
2111,2111,
2112,2112,
2113,2113,
2114,2114,class 1
2115,2115,
2116,2116,class 1
2117,2117,class 1
2118,2118,class 1
2119,2119,class 3
2120,2120,class 3
2121,2121,
2122,2122,class 1
2123,2123,class 1
2124,2124,
2125,2125,
2126,2126,class 1
2127,2127,class 1
2128,2128,class 3
2129,2129,class 1
2130,2130,
2131,2131,class 2
2132,2132,
2133,2133,
2134,2134,class 1
2135,2135,class 1
2136,2136,class 3
2137,2137,
2138,2138,
2139,2139,
2140,2140,class 1
2141,2141,
2142,2142,class 1
2143,2143,
2144,2144,class 1
2145,2145,class 1
2146,2146,class 1
2147,2147,class 1
2148,2148,
2149,2149,
2150,2150,class 1
2151,2151,class 1
2152,2152,class 1
2153,2153,class 3
2154,2154,
2155,2155,
2156,2156,
2157,2157,
2158,2158,class 1
2159,2159,class 1
2160,2160,class 1
2161,2161,
2162,2162,class 3
2163,2163,
2164,2164,
2165,2165,
2166,2166,
2167,2167,class 1
2168,2168,class 1
2169,2169,class 1
2170,2170,class 5
2171,2171,
2172,2172,class 1
2173,2173,
2174,2174,class 1
2175,2175,
2176,2176,
2177,2177,
2178,2178,class 1
2179,2179,class 2
2180,2180,
2181,2181,
2182,2182,
2183,2183,
2184,2184,
2185,2185,
2186,2186,class 1
2187,2187,
2188,2188,
2189,2189,class 1
2190,2190,class 1
2191,2191,
2192,2192,
2193,2193,
2194,2194,
2195,2195,
2196,2196,
2197,2197,
2198,2198,
2199,2199,
2200,2200,
2201,2201,
2202,2202,
2203,2203,
2204,2204,
2205,2205,
2206,2206,
2207,2207,
2208,2208,class 1
2209,2209,
2210,2210,class 1
2211,2211,class 1
2212,2212,class 1
2213,2213,
2214,2214,class 1
2215,2215,
2216,2216,
2217,2217,
2218,2218,
2219,2219,
2220,2220,class 1
2221,2221,
2222,2222,
2223,2223,
2224,2224,
2225,2225,
2226,2226,
2227,2227,
2228,2228,
2229,2229,class 5
2230,2230,
2231,2231,
2232,2232,class 1
2233,2233,
2234,2234,class 1
2235,2235,class 1
2236,2236,
2237,2237,
2238,2238,
2239,2239,
2240,2240,
2241,2241,
2242,2242,
2243,2243,class 1
2244,2244,
2245,2245,
2246,2246,
2247,2247,class 1
2248,2248,class 1
2249,2249,class 1
2250,2250,class 3
2251,2251,
2252,2252,
2253,2253,class 1
2254,2254,
2255,2255,
2256,2256,
2257,2257,
2258,2258,
2259,2259,
2260,2260,
2261,2261,
2262,2262,
2263,2263,class 1
2264,2264,
2265,2265,class 1
2266,2266,
2267,2267,class 1
2268,2268,class 1
2269,2269,
2270,2270,class 1
2271,2271,class 1
2272,2272,class 1
2273,2273,class 1
2274,2274,
2275,2275,class 1
2276,2276,class 5
2277,2277,
2278,2278,
2279,2279,class 1
2280,2280,
2281,2281,
2282,2282,class 1
2283,2283,class 4
2284,2284,class 1
2285,2285,class 1
2286,2286,
2287,2287,class 1
2288,2288,
2289,2289,class 1
2290,2290,class 5
2291,2291,class 5
2292,2292,class 5
2293,2293,class 4
2294,2294,
2295,2295,class 1
2296,2296,class 1
2297,2297,
2298,2298,
2299,2299,
2300,2300,
2301,2301,
2302,2302,
2303,2303,
2304,2304,
2305,2305,class 1
2306,2306,
2307,2307,
2308,2308,
2309,2309,
2310,2310,
2311,2311,
2312,2312,
2313,2313,class 1
2314,2314,
2315,2315,class 6
2316,2316,class 6
2317,2317,class 6
2318,2318,class 6
2319,2319,class 1
2320,2320,
2321,2321,
2322,2322,class 1
2323,2323,
2324,2324,
2325,2325,
2326,2326,
2327,2327,class 1
2328,2328,
2329,2329,
2330,2330,class 1
2331,2331,class 1
2332,2332,class 3
2333,2333,
2334,2334,
2335,2335,
2336,2336,
2337,2337,
2338,2338,
2339,2339,
2340,2340,
2341,2341,
2342,2342,
2343,2343,
2344,2344,
2345,2345,
2346,2346,class 1
2347,2347,
2348,2348,class 1
2349,2349,
2350,2350,
2351,2351,
2352,2352,
2353,2353,
2354,2354,
2355,2355,
2356,2356,class 1
2357,2357,class 1
2358,2358,class 3
2359,2359,class 1
2360,2360,
2361,2361,
2362,2362,
2363,2363,class 1
2364,2364,
2365,2365,
2366,2366,class 1
2367,2367,class 1
2368,2368,class 3
2369,2369,
2370,2370,
2371,2371,class 3
2372,2372,class 1
2373,2373,class 1
2374,2374,
2375,2375,
2376,2376,
2377,2377,class 1
2378,2378,
2379,2379,class 4
2380,2380,
2381,2381,
2382,2382,
2383,2383,class 2
2384,2384,
2385,2385,
2386,2386,
2387,2387,
2388,2388,
2389,2389,
2390,2390,
2391,2391,class 1
2392,2392,
2393,2393,
2394,2394,
2395,2395,
2396,2396,
2397,2397,class 1
2398,2398,class 1
2399,2399,
2400,2400,
2401,2401,
2402,2402,
2403,2403,class 1
2404,2404,
2405,2405,class 1
2406,2406,class 1
2407,2407,
2408,2408,class 1
2409,2409,
2410,2410,
2411,2411,
2412,2412,
2413,2413,class 1
2414,2414,
2415,2415,
2416,2416,class 1
2417,2417,class 3
2418,2418,class 1
2419,2419,class 1
2420,2420,class 1
2421,2421,class 1
2422,2422,class 1
2423,2423,class 1
2424,2424,class 1
2425,2425,class 1
2426,2426,class 4
2427,2427,class 5
2428,2428,
2429,2429,class 4
2430,2430,class 4
2431,2431,
2432,2432,
2433,2433,
2434,2434,class 1
2435,2435,class 1
2436,2436,class 1
2437,2437,class 1
2438,2438,class 1
2439,2439,class 3
2440,2440,
2441,2441,
2442,2442,
2443,2443,
2444,2444,class 1
2445,2445,class 4
2446,2446,
2447,2447,
2448,2448,
2449,2449,class 1
2450,2450,class 1
2451,2451,class 1
2452,2452,
2453,2453,
2454,2454,class 4
2455,2455,class 1
2456,2456,class 1
2457,2457,
2458,2458,class 3
2459,2459,class 1
2460,2460,
2461,2461,
2462,2462,class 1
2463,2463,
2464,2464,class 1
2465,2465,
2466,2466,class 3
2467,2467,class 1
2468,2468,
2469,2469,
2470,2470,
2471,2471,class 1
2472,2472,class 4
2473,2473,class 1
2474,2474,
2475,2475,class 1
2476,2476,
2477,2477,
2478,2478,class 1
2479,2479,
2480,2480,class 1
2481,2481,class 1
2482,2482,
2483,2483,class 4
2484,2484,class 1
2485,2485,class 1
2486,2486,class 1
2487,2487,class 1
2488,2488,
2489,2489,
2490,2490,
2491,2491,
2492,2492,
2493,2493,class 1
2494,2494,class 2
2495,2495,class 3
2496,2496,class 1
2497,2497,class 5
2498,2498,class 1
2499,2499,class 1
2500,2500,
2501,2501,
2502,2502,class 1
2503,2503,class 1
2504,2504,
2505,2505,class 1
2506,2506,class 1
2507,2507,class 1
2508,2508,class 1
2509,2509,class 6
2510,2510,class 1
2511,2511,class 1
2512,2512,class 5
2513,2513,class 1
2514,2514,
2515,2515,class 1
2516,2516,class 1
2517,2517,class 1
2518,2518,class 1
2519,2519,class 1
2520,2520,class 1
2521,2521,
2522,2522,
2523,2523,
2524,2524,class 1
2525,2525,class 1
2526,2526,
2527,2527,
2528,2528,
2529,2529,class 1
2530,2530,
2531,2531,class 5
2532,2532,class 1
2533,2533,class 1
2534,2534,class 1
2535,2535,class 1
2536,2536,
2537,2537,class 1
2538,2538,class 3
2539,2539,
2540,2540,class 1
2541,2541,class 1
2542,2542,class 1
2543,2543,class 1
2544,2544,class 1
2545,2545,
2546,2546,
2547,2547,class 1
2548,2548,class 1
2549,2549,class 1
2550,2550,class 3
2551,2551,class 1
2552,2552,class 1
2553,2553,
2554,2554,
2555,2555,class 1
2556,2556,class 1
2557,2557,
2558,2558,class 1
2559,2559,class 1
2560,2560,
2561,2561,class 1
2562,2562,
2563,2563,class 1
2564,2564,
2565,2565,
2566,2566,class 1
2567,2567,class 1
2568,2568,class 1
2569,2569,class 1
2570,2570,
2571,2571,
2572,2572,class 1
2573,2573,class 1
2574,2574,
2575,2575,
2576,2576,class 1
2577,2577,
2578,2578,
2579,2579,
2580,2580,class 1
2581,2581,class 1
2582,2582,class 1
2583,2583,class 1
2584,2584,class 1
2585,2585,class 1
2586,2586,class 1
2587,2587,
2588,2588,
2589,2589,
2590,2590,class 1
2591,2591,
2592,2592,
2593,2593,
2594,2594,
2595,2595,
2596,2596,class 2
2597,2597,
2598,2598,class 1
2599,2599,class 1
2600,2600,class 1
2601,2601,class 1
2602,2602,class 1
2603,2603,class 1
2604,2604,class 1
2605,2605,
2606,2606,
2607,2607,
2608,2608,
2609,2609,
2610,2610,
2611,2611,
2612,2612,
2613,2613,
2614,2614,class 1
2615,2615,
2616,2616,
2617,2617,
2618,2618,
2619,2619,
2620,2620,
2621,2621,
2622,2622,
2623,2623,
2624,2624,
2625,2625,
2626,2626,
2627,2627,
2628,2628,class 3
2629,2629,class 1
2630,2630,class 1
2631,2631,
2632,2632,
2633,2633,
2634,2634,class 3
2635,2635,class 1
2636,2636,class 3
2637,2637,class 1
2638,2638,class 1
2639,2639,class 1
2640,2640,class 1
2641,2641,class 1
2642,2642,
2643,2643,class 1
2644,2644,class 1
2645,2645,class 1
2646,2646,
2647,2647,
2648,2648,class 1
2649,2649,class 5
2650,2650,
2651,2651,class 1
2652,2652,
2653,2653,
2654,2654,
2655,2655,
2656,2656,class 1
2657,2657,class 1
2658,2658,class 1
2659,2659,
2660,2660,
2661,2661,
2662,2662,
2663,2663,class 5
2664,2664,
2665,2665,class 1
2666,2666,
2667,2667,class 1
2668,2668,
2669,2669,class 1
2670,2670,class 1
2671,2671,
2672,2672,class 1
2673,2673,class 1
2674,2674,
2675,2675,
2676,2676,
2677,2677,class 1
2678,2678,class 1
2679,2679,class 3
2680,2680,class 1
2681,2681,class 1
2682,2682,class 3
2683,2683,class 3
2684,2684,class 1
2685,2685,class 1
2686,2686,
2687,2687,class 1
2688,2688,
2689,2689,
2690,2690,
2691,2691,class 5
2692,2692,class 1
2693,2693,class 1
2694,2694,
2695,2695,
2696,2696,class 1
2697,2697,
2698,2698,class 1
2699,2699,
2700,2700,class 1
2701,2701,
2702,2702,class 1
2703,2703,
2704,2704,
2705,2705,class 1
2706,2706,
2707,2707,
2708,2708,
2709,2709,
2710,2710,class 1
2711,2711,class 1
2712,2712,
2713,2713,
2714,2714,class 1
2715,2715,class 1
2716,2716,class 1
2717,2717,class 3
2718,2718,class 3
2719,2719,
2720,2720,
2721,2721,class 1
2722,2722,class 1
2723,2723,class 1
2724,2724,class 1
2725,2725,class 1
2726,2726,class 1
2727,2727,
2728,2728,class 2
2729,2729,
2730,2730,class 1
2731,2731,class 1
2732,2732,class 1
2733,2733,class 1
2734,2734,
2735,2735,
2736,2736,class 1
2737,2737,class 1
2738,2738,class 1
2739,2739,class 1
2740,2740,class 1
2741,2741,class 1
2742,2742,class 1
2743,2743,
2744,2744,
2745,2745,
2746,2746,
2747,2747,
2748,2748,
2749,2749,
2750,2750,
2751,2751,
2752,2752,
2753,2753,class 1
2754,2754,class 1
2755,2755,
2756,2756,
2757,2757,
2758,2758,class 1
2759,2759,class 1
2760,2760,class 1
2761,2761,
2762,2762,class 1
2763,2763,class 1
2764,2764,
2765,2765,class 1
2766,2766,class 1
2767,2767,class 1
2768,2768,class 1
2769,2769,class 1
2770,2770,class 1
2771,2771,
2772,2772,
2773,2773,
2774,2774,
2775,2775,class 1
2776,2776,
2777,2777,
2778,2778,
2779,2779,class 1
2780,2780,
2781,2781,class 1
2782,2782,
2783,2783,class 1
2784,2784,class 1
2785,2785,class 1
2786,2786,
2787,2787,
2788,2788,class 1
2789,2789,class 4
2790,2790,class 1
2791,2791,class 1
2792,2792,class 1
2793,2793,
2794,2794,class 1
2795,2795,
2796,2796,
2797,2797,class 1
2798,2798,
2799,2799,class 1
2800,2800,class 1
2801,2801,class 6
2802,2802,
2803,2803,class 1
2804,2804,
2805,2805,
2806,2806,
2807,2807,class 1
2808,2808,class 1
2809,2809,class 1
2810,2810,class 1
2811,2811,class 1
2812,2812,class 1
2813,2813,class 1
2814,2814,class 1
2815,2815,class 3
2816,2816,class 3
2817,2817,class 1
2818,2818,class 1
2819,2819,class 1
2820,2820,class 1
2821,2821,
2822,2822,
2823,2823,class 1
2824,2824,
2825,2825,
2826,2826,
2827,2827,class 1
2828,2828,class 1
2829,2829,class 1
2830,2830,
2831,2831,
2832,2832,class 1
2833,2833,
2834,2834,
2835,2835,class 1
2836,2836,
2837,2837,class 1
2838,2838,class 1
2839,2839,class 1
2840,2840,class 3
2841,2841,class 1
2842,2842,
2843,2843,class 1
2844,2844,class 1
2845,2845,class 1
2846,2846,
2847,2847,
2848,2848,class 1
2849,2849,
2850,2850,
2851,2851,
2852,2852,
2853,2853,
2854,2854,
2855,2855,class 1
2856,2856,
2857,2857,
2858,2858,
2859,2859,
2860,2860,
2861,2861,class 1
2862,2862,class 5
2863,2863,
2864,2864,class 5
2865,2865,
2866,2866,class 2
2867,2867,
2868,2868,
2869,2869,
2870,2870,
2871,2871,
2872,2872,class 1
2873,2873,
2874,2874,
2875,2875,
2876,2876,
2877,2877,class 1
2878,2878,
2879,2879,class 1
2880,2880,
2881,2881,class 1
2882,2882,class 1
2883,2883,
2884,2884,
2885,2885,
2886,2886,
2887,2887,
2888,2888,
2889,2889,
2890,2890,class 1
2891,2891,class 1
2892,2892,
2893,2893,
2894,2894,class 1
2895,2895,class 1
2896,2896,class 1
2897,2897,
2898,2898,
2899,2899,
2900,2900,
2901,2901,
2902,2902,
2903,2903,
2904,2904,
2905,2905,
2906,2906,
2907,2907,class 4
2908,2908,
2909,2909,
2910,2910,
2911,2911,class 1
2912,2912,class 1
2913,2913,
2914,2914,
2915,2915,class 3
2916,2916,class 1
2917,2917,
2918,2918,
2919,2919,class 1
2920,2920,class 1
2921,2921,class 1
2922,2922,class 1
2923,2923,class 1
2924,2924,class 3
2925,2925,class 1
2926,2926,class 1
2927,2927,
2928,2928,
2929,2929,
2930,2930,
2931,2931,
2932,2932,class 1
2933,2933,class 1
2934,2934,class 1
2935,2935,class 1
2936,2936,class 1
2937,2937,class 1
2938,2938,class 1
2939,2939,class 1
2940,2940,
2941,2941,
2942,2942,class 1
2943,2943,
2944,2944,
2945,2945,
2946,2946,class 1
2947,2947,class 1
2948,2948,class 1
2949,2949,class 1
2950,2950,class 1
2951,2951,class 1
2952,2952,
2953,2953,
2954,2954,
2955,2955,class 1
2956,2956,class 1
2957,2957,class 3
2958,2958,class 3
2959,2959,class 1
2960,2960,class 1
2961,2961,class 1
2962,2962,
2963,2963,
2964,2964,class 1
2965,2965,class 1
2966,2966,class 1
2967,2967,class 1
2968,2968,class 5
2969,2969,class 1
2970,2970,
2971,2971,class 4
2972,2972,class 4
2973,2973,class 1
2974,2974,class 1
2975,2975,class 1
2976,2976,class 1
2977,2977,class 1
2978,2978,class 1
2979,2979,class 4
2980,2980,class 1
2981,2981,class 1
2982,2982,class 1
2983,2983,class 1
2984,2984,
2985,2985,
2986,2986,class 1
2987,2987,
2988,2988,
2989,2989,class 1
2990,2990,class 1
2991,2991,
2992,2992,
2993,2993,
2994,2994,class 1
2995,2995,class 1
2996,2996,class 1
2997,2997,
2998,2998,
2999,2999,
3000,3000,
3001,3001,class 1
3002,3002,class 3
3003,3003,class 1
3004,3004,class 1
3005,3005,
3006,3006,
3007,3007,
3008,3008,class 1
3009,3009,class 1
3010,3010,class 1
3011,3011,
3012,3012,
3013,3013,
3014,3014,
3015,3015,
3016,3016,class 1
3017,3017,
3018,3018,
3019,3019,class 6
3020,3020,class 1
3021,3021,
3022,3022,class 1
3023,3023,class 1
3024,3024,class 1
3025,3025,class 1
3026,3026,
3027,3027,class 1
3028,3028,class 1
3029,3029,class 1
3030,3030,
3031,3031,
3032,3032,class 3
3033,3033,class 1
3034,3034,class 1
3035,3035,class 1
3036,3036,class 1
3037,3037,class 1
3038,3038,
3039,3039,class 7
3040,3040,
3041,3041,
3042,3042,
3043,3043,class 1
3044,3044,class 6
3045,3045,
3046,3046,
3047,3047,class 3
3048,3048,
3049,3049,class 7
3050,3050,class 7
3051,3051,class 7
3052,3052,class 7
3053,3053,class 1
3054,3054,class 1
3055,3055,class 1
3056,3056,class 7
3057,3057,class 7
3058,3058,class 7
3059,3059,class 7
3060,3060,class 1
3061,3061,class 1
3062,3062,
3063,3063,
3064,3064,class 7
3065,3065,class 7
3066,3066,class 7
3067,3067,class 7
3068,3068,class 7
3069,3069,class 7
3070,3070,
3071,3071,class 7
3072,3072,class 7
3073,3073,class 7
3074,3074,
3075,3075,
3076,3076,
3077,3077,class 7
3078,3078,class 1
3079,3079,class 7
3080,3080,
3081,3081,class 1
3082,3082,class 7
3083,3083,class 7
3084,3084,class 7
3085,3085,class 7
3086,3086,class 7
3087,3087,class 7
3088,3088,class 7
3089,3089,class 7
3090,3090,class 7
3091,3091,class 7
3092,3092,class 7
3093,3093,class 7
3094,3094,class 7
3095,3095,
3096,3096,
3097,3097,
3098,3098,
3099,3099,
3100,3100,
3101,3101,class 1
3102,3102,
3103,3103,class 1
3104,3104,class 1
3105,3105,class 1
3106,3106,class 1
3107,3107,
3108,3108,class 1
3109,3109,
3110,3110,
3111,3111,class 1
3112,3112,
3113,3113,
3114,3114,
3115,3115,class 1
3116,3116,class 1
3117,3117,class 1
3118,3118,class 1
3119,3119,class 1
3120,3120,class 1
3121,3121,
3122,3122,class 1
3123,3123,
3124,3124,class 1
3125,3125,class 1
3126,3126,class 1
3127,3127,class 1
3128,3128,
3129,3129,class 1
3130,3130,
3131,3131,class 1
3132,3132,class 1
3133,3133,
3134,3134,
3135,3135,class 1
3136,3136,class 1
3137,3137,class 1
3138,3138,class 1
3139,3139,class 1
3140,3140,class 1
3141,3141,
3142,3142,class 1
3143,3143,
3144,3144,
3145,3145,
3146,3146,
3147,3147,
3148,3148,
3149,3149,class 1
3150,3150,class 3
3151,3151,class 1
3152,3152,
3153,3153,class 2
3154,3154,
3155,3155,
3156,3156,class 1
3157,3157,class 1
3158,3158,class 1
3159,3159,class 1
3160,3160,class 1
3161,3161,class 1
3162,3162,class 1
3163,3163,class 1
3164,3164,
3165,3165,
3166,3166,
3167,3167,
3168,3168,class 1
3169,3169,class 1
3170,3170,
3171,3171,
3172,3172,class 1
3173,3173,class 1
3174,3174,class 1
3175,3175,class 1
3176,3176,class 3
3177,3177,class 6
3178,3178,
3179,3179,
3180,3180,
3181,3181,
3182,3182,class 1
3183,3183,
3184,3184,
3185,3185,
3186,3186,
3187,3187,class 1
3188,3188,
3189,3189,class 3
3190,3190,class 1
3191,3191,class 1
3192,3192,
3193,3193,
3194,3194,
3195,3195,class 1
3196,3196,class 1
3197,3197,class 1
3198,3198,class 1
3199,3199,
3200,3200,
3201,3201,class 1
3202,3202,class 1
3203,3203,class 1
3204,3204,class 1
3205,3205,class 6
3206,3206,
3207,3207,class 1
3208,3208,class 1
3209,3209,class 1
3210,3210,
3211,3211,
3212,3212,
3213,3213,class 1
3214,3214,class 1
3215,3215,class 1
3216,3216,class 6
3217,3217,
3218,3218,
3219,3219,class 1
3220,3220,class 1
3221,3221,class 1
3222,3222,class 3
3223,3223,class 1
3224,3224,
3225,3225,
3226,3226,
3227,3227,
3228,3228,class 1
3229,3229,class 1
3230,3230,class 3
3231,3231,
3232,3232,
3233,3233,
3234,3234,class 1
3235,3235,
3236,3236,
3237,3237,class 1
3238,3238,
3239,3239,
3240,3240,class 1
3241,3241,class 1
3242,3242,
3243,3243,
3244,3244,
3245,3245,
3246,3246,class 3
3247,3247,
3248,3248,
3249,3249,
3250,3250,class 1
3251,3251,class 1
3252,3252,
3253,3253,
3254,3254,
3255,3255,
3256,3256,class 1
3257,3257,
3258,3258,class 5
3259,3259,class 1
3260,3260,
3261,3261,
3262,3262,
3263,3263,class 3
3264,3264,
3265,3265,class 1
3266,3266,
3267,3267,
3268,3268,class 1
3269,3269,
3270,3270,
3271,3271,
3272,3272,
3273,3273,
3274,3274,
3275,3275,
3276,3276,
3277,3277,class 1
3278,3278,
3279,3279,class 1
3280,3280,
3281,3281,
3282,3282,
3283,3283,
3284,3284,class 1
3285,3285,class 3
3286,3286,
3287,3287,class 1
3288,3288,class 1
3289,3289,class 1
3290,3290,
3291,3291,class 1
3292,3292,class 1
3293,3293,
3294,3294,class 1
3295,3295,
3296,3296,class 1
3297,3297,class 1
3298,3298,
3299,3299,class 1
3300,3300,
3301,3301,class 1
3302,3302,class 1
3303,3303,
3304,3304,class 1
3305,3305,
3306,3306,class 1
3307,3307,class 1
3308,3308,
3309,3309,class 1
3310,3310,
3311,3311,
3312,3312,
3313,3313,
3314,3314,class 1
3315,3315,class 1
3316,3316,class 1
3317,3317,class 6
3318,3318,
3319,3319,class 1
3320,3320,
3321,3321,
3322,3322,class 1
3323,3323,class 1
3324,3324,class 1
3325,3325,class 1
3326,3326,class 1
3327,3327,class 1
3328,3328,class 4
3329,3329,class 1
3330,3330,class 1
3331,3331,class 1
3332,3332,class 1
3333,3333,class 3
3334,3334,
3335,3335,class 1
3336,3336,
3337,3337,
3338,3338,
3339,3339,class 1
3340,3340,class 1
3341,3341,
3342,3342,
3343,3343,
3344,3344,
3345,3345,class 2
3346,3346,class 2
3347,3347,class 2
3348,3348,class 2
3349,3349,class 2
3350,3350,class 2
3351,3351,class 2
3352,3352,class 2
3353,3353,class 3
3354,3354,
3355,3355,
3356,3356,class 1
3357,3357,
3358,3358,
3359,3359,class 2
3360,3360,
3361,3361,class 2
3362,3362,
3363,3363,
3364,3364,
3365,3365,
3366,3366,
3367,3367,
3368,3368,
3369,3369,
3370,3370,class 1
3371,3371,class 1
3372,3372,
3373,3373,class 1
3374,3374,class 1
3375,3375,class 1
3376,3376,
3377,3377,
3378,3378,class 1
3379,3379,class 1
3380,3380,class 1
3381,3381,
3382,3382,class 1
3383,3383,
3384,3384,class 1
3385,3385,class 1
3386,3386,class 1
3387,3387,
3388,3388,class 1
3389,3389,class 1
3390,3390,
3391,3391,class 1
3392,3392,class 1
3393,3393,
3394,3394,class 3
3395,3395,
3396,3396,class 1
3397,3397,class 1
3398,3398,class 1
3399,3399,class 1
3400,3400,
3401,3401,
3402,3402,class 1
3403,3403,class 6
3404,3404,class 1
3405,3405,
3406,3406,
3407,3407,
3408,3408,
3409,3409,
3410,3410,
3411,3411,class 1
3412,3412,
3413,3413,
3414,3414,class 1
3415,3415,
3416,3416,
3417,3417,class 1
3418,3418,class 6
3419,3419,
3420,3420,class 1
3421,3421,
3422,3422,
3423,3423,
3424,3424,
3425,3425,
3426,3426,class 1
3427,3427,
3428,3428,
3429,3429,class 3
3430,3430,
3431,3431,
3432,3432,class 1
3433,3433,class 1
3434,3434,class 1
3435,3435,
3436,3436,
3437,3437,
3438,3438,
3439,3439,
3440,3440,
3441,3441,class 1
3442,3442,class 1
3443,3443,
3444,3444,
3445,3445,
3446,3446,
3447,3447,class 1
3448,3448,class 1
3449,3449,
3450,3450,class 1
3451,3451,class 1
3452,3452,class 1
3453,3453,class 1
3454,3454,class 1
3455,3455,class 1
3456,3456,
3457,3457,
3458,3458,
3459,3459,
3460,3460,
3461,3461,class 3
3462,3462,
3463,3463,class 1
3464,3464,
3465,3465,
3466,3466,
3467,3467,class 1
3468,3468,class 1
3469,3469,class 4
3470,3470,
3471,3471,
3472,3472,class 1
3473,3473,
3474,3474,
3475,3475,class 1
3476,3476,
3477,3477,
3478,3478,
3479,3479,class 1
3480,3480,class 1
3481,3481,
3482,3482,class 1
3483,3483,
3484,3484,
3485,3485,
3486,3486,
3487,3487,
3488,3488,class 1
3489,3489,class 1
3490,3490,class 3
3491,3491,
3492,3492,
3493,3493,class 1
3494,3494,class 1
3495,3495,class 3
3496,3496,
3497,3497,
3498,3498,
3499,3499,
3500,3500,
3501,3501,
3502,3502,
3503,3503,
3504,3504,
3505,3505,
3506,3506,class 2
3507,3507,
3508,3508,class 1
3509,3509,class 1
3510,3510,class 1
3511,3511,class 1
3512,3512,
3513,3513,class 1
3514,3514,class 1
3515,3515,class 1
3516,3516,class 1
3517,3517,class 1
3518,3518,class 1
3519,3519,class 1
3520,3520,class 1
3521,3521,class 3
3522,3522,class 1
3523,3523,class 1
3524,3524,class 1
3525,3525,
3526,3526,class 1
3527,3527,class 1
3528,3528,class 1
3529,3529,class 1
3530,3530,class 1
3531,3531,
3532,3532,class 1
3533,3533,class 1
3534,3534,class 1
3535,3535,class 3
3536,3536,class 1
3537,3537,class 1
3538,3538,class 1
3539,3539,class 1
3540,3540,
3541,3541,class 1
3542,3542,class 1
3543,3543,class 1
3544,3544,class 1
3545,3545,
3546,3546,class 1
3547,3547,class 4
3548,3548,
3549,3549,
3550,3550,class 1
3551,3551,
3552,3552,class 6
3553,3553,class 1
3554,3554,class 1
3555,3555,class 1
3556,3556,class 6
3557,3557,class 1
3558,3558,class 1
3559,3559,class 1
3560,3560,class 1
3561,3561,
3562,3562,class 1
3563,3563,
3564,3564,class 1
3565,3565,class 1
3566,3566,class 1
3567,3567,class 1
3568,3568,class 1
3569,3569,class 1
3570,3570,
3571,3571,class 1
3572,3572,
3573,3573,class 1
3574,3574,
3575,3575,
3576,3576,class 1
3577,3577,class 1
3578,3578,class 1
3579,3579,class 1
3580,3580,class 1
3581,3581,class 1
3582,3582,class 6
3583,3583,
3584,3584,
3585,3585,
3586,3586,class 1
3587,3587,
3588,3588,
3589,3589,class 1
3590,3590,
3591,3591,class 1
3592,3592,class 1
3593,3593,class 1
3594,3594,
3595,3595,class 1
3596,3596,
3597,3597,
3598,3598,class 1
3599,3599,
3600,3600,
3601,3601,
3602,3602,
3603,3603,class 1
3604,3604,
3605,3605,
3606,3606,
3607,3607,
3608,3608,
3609,3609,
3610,3610,class 1
3611,3611,class 4
3612,3612,class 4
3613,3613,class 1
3614,3614,
3615,3615,
3616,3616,
3617,3617,
3618,3618,class 1
3619,3619,class 1
3620,3620,class 1
3621,3621,class 1
3622,3622,class 1
3623,3623,class 1
3624,3624,class 1
3625,3625,
3626,3626,
3627,3627,class 1
3628,3628,class 1
3629,3629,
3630,3630,
3631,3631,
3632,3632,class 1
3633,3633,class 1
3634,3634,class 1
3635,3635,class 1
3636,3636,class 4
3637,3637,class 1
3638,3638,class 1
3639,3639,class 1
3640,3640,
3641,3641,
3642,3642,class 1
3643,3643,
3644,3644,
3645,3645,
3646,3646,
3647,3647,
3648,3648,
3649,3649,
3650,3650,
3651,3651,
3652,3652,class 3
3653,3653,
3654,3654,
3655,3655,class 1
3656,3656,
3657,3657,class 1
3658,3658,class 1
3659,3659,class 1
3660,3660,class 1
3661,3661,
3662,3662,
3663,3663,
3664,3664,class 1
3665,3665,class 1
3666,3666,class 1
3667,3667,class 1
3668,3668,class 1
3669,3669,
3670,3670,
3671,3671,
3672,3672,class 1
3673,3673,class 1
3674,3674,class 1
3675,3675,class 1
3676,3676,class 1
3677,3677,class 1
3678,3678,class 1
3679,3679,class 3
3680,3680,class 1
3681,3681,class 1
3682,3682,class 1
3683,3683,class 1
3684,3684,class 1
3685,3685,
3686,3686,
3687,3687,
3688,3688,class 1
3689,3689,class 1
3690,3690,
3691,3691,
3692,3692,class 1
3693,3693,class 1
3694,3694,class 1
3695,3695,
3696,3696,class 6
3697,3697,class 1
3698,3698,
3699,3699,
3700,3700,
3701,3701,class 1
3702,3702,class 1
3703,3703,class 1
3704,3704,class 1
3705,3705,class 1
3706,3706,class 1
3707,3707,
3708,3708,
3709,3709,class 3
3710,3710,
3711,3711,
3712,3712,class 1
3713,3713,class 1
3714,3714,class 5
3715,3715,class 1
3716,3716,class 1
3717,3717,class 1
3718,3718,class 1
3719,3719,class 1
3720,3720,class 1
3721,3721,class 1
3722,3722,class 1
3723,3723,class 1
3724,3724,class 1
3725,3725,class 1
3726,3726,class 1
3727,3727,class 1
3728,3728,
3729,3729,class 1
3730,3730,class 1
3731,3731,class 1
3732,3732,class 1
3733,3733,class 1
3734,3734,class 1
3735,3735,class 1
3736,3736,class 1
3737,3737,
3738,3738,
3739,3739,
3740,3740,
3741,3741,
3742,3742,class 1
3743,3743,
3744,3744,
3745,3745,class 1
3746,3746,class 1
3747,3747,class 1
3748,3748,class 1
3749,3749,class 1
3750,3750,class 1
3751,3751,class 1
3752,3752,class 1
3753,3753,class 1
3754,3754,
3755,3755,
3756,3756,
3757,3757,
3758,3758,class 1
3759,3759,class 1
3760,3760,class 1
3761,3761,class 1
3762,3762,class 1
3763,3763,class 5
3764,3764,class 1
3765,3765,class 1
3766,3766,
3767,3767,class 1
3768,3768,
3769,3769,
3770,3770,class 3
3771,3771,class 1
3772,3772,class 3
3773,3773,class 1
3774,3774,
3775,3775,class 1
3776,3776,class 1
3777,3777,
3778,3778,class 1
3779,3779,
3780,3780,
3781,3781,class 1
3782,3782,class 1
3783,3783,class 1
3784,3784,class 1
3785,3785,
3786,3786,class 1
3787,3787,
3788,3788,
3789,3789,class 1
3790,3790,class 1
3791,3791,class 1
3792,3792,class 1
3793,3793,class 1
3794,3794,
3795,3795,class 4
3796,3796,class 1
3797,3797,class 1
3798,3798,class 1
3799,3799,class 5
3800,3800,class 1
3801,3801,class 1
3802,3802,class 1
3803,3803,
3804,3804,class 1
3805,3805,class 1
3806,3806,
3807,3807,
3808,3808,class 1
3809,3809,class 1
3810,3810,
3811,3811,
3812,3812,
3813,3813,class 1
3814,3814,class 1
3815,3815,class 1
3816,3816,
3817,3817,class 1
3818,3818,class 1
3819,3819,class 1
3820,3820,class 1
3821,3821,
3822,3822,
3823,3823,
3824,3824,
3825,3825,class 1
3826,3826,class 1
3827,3827,class 1
3828,3828,class 1
3829,3829,class 1
